names,Technothepig
1-Jan-05,
2-Jan-05,
3-Jan-05,
4-Jan-05,
5-Jan-05,
6-Jan-05,
7-Jan-05,
8-Jan-05,
9-Jan-05,
10-Jan-05,
11-Jan-05,
12-Jan-05,
13-Jan-05,
14-Jan-05,
15-Jan-05,
16-Jan-05,
17-Jan-05,
18-Jan-05,
19-Jan-05,
20-Jan-05,
21-Jan-05,
22-Jan-05,
23-Jan-05,
24-Jan-05,
25-Jan-05,
26-Jan-05,
27-Jan-05,
28-Jan-05,
29-Jan-05,
30-Jan-05,
31-Jan-05,
1-Feb-05,
2-Feb-05,
3-Feb-05,
4-Feb-05,
5-Feb-05,
6-Feb-05,
7-Feb-05,
8-Feb-05,
9-Feb-05,
10-Feb-05,
11-Feb-05,
12-Feb-05,
13-Feb-05,
14-Feb-05,
15-Feb-05,
16-Feb-05,
17-Feb-05,
18-Feb-05,
19-Feb-05,
20-Feb-05,
21-Feb-05,
22-Feb-05,
23-Feb-05,
24-Feb-05,
25-Feb-05,
26-Feb-05,
27-Feb-05,
28-Feb-05,
1-Mar-05,
2-Mar-05,
3-Mar-05,
4-Mar-05,
5-Mar-05,
6-Mar-05,
7-Mar-05,
8-Mar-05,
9-Mar-05,
10-Mar-05,
11-Mar-05,
12-Mar-05,
13-Mar-05,
14-Mar-05,
15-Mar-05,
16-Mar-05,
17-Mar-05,
18-Mar-05,
19-Mar-05,
20-Mar-05,
21-Mar-05,
22-Mar-05,
23-Mar-05,
24-Mar-05,
25-Mar-05,
26-Mar-05,
27-Mar-05,
28-Mar-05,
29-Mar-05,
30-Mar-05,
31-Mar-05,
1-Apr-05,
2-Apr-05,
3-Apr-05,
4-Apr-05,
5-Apr-05,
6-Apr-05,
7-Apr-05,
8-Apr-05,
9-Apr-05,
10-Apr-05,
11-Apr-05,
12-Apr-05,
13-Apr-05,
14-Apr-05,
15-Apr-05,
16-Apr-05,
17-Apr-05,
18-Apr-05,
19-Apr-05,
20-Apr-05,
21-Apr-05,
22-Apr-05,
23-Apr-05,
24-Apr-05,
25-Apr-05,
26-Apr-05,
27-Apr-05,
28-Apr-05,
29-Apr-05,
30-Apr-05,
1-May-05,
2-May-05,
3-May-05,
4-May-05,
5-May-05,
6-May-05,
7-May-05,
8-May-05,
9-May-05,
10-May-05,
11-May-05,
12-May-05,
13-May-05,
14-May-05,
15-May-05,
16-May-05,
17-May-05,
18-May-05,
19-May-05,
20-May-05,
21-May-05,
22-May-05,
23-May-05,
24-May-05,
25-May-05,
26-May-05,
27-May-05,
28-May-05,
29-May-05,
30-May-05,
31-May-05,
1-Jun-05,
2-Jun-05,
3-Jun-05,
4-Jun-05,
5-Jun-05,
6-Jun-05,
7-Jun-05,
8-Jun-05,
9-Jun-05,
10-Jun-05,
11-Jun-05,
12-Jun-05,
13-Jun-05,
14-Jun-05,
15-Jun-05,
16-Jun-05,
17-Jun-05,
18-Jun-05,
19-Jun-05,
20-Jun-05,
21-Jun-05,
22-Jun-05,
23-Jun-05,
24-Jun-05,
25-Jun-05,
26-Jun-05,
27-Jun-05,
28-Jun-05,
29-Jun-05,
30-Jun-05,
1-Jul-05,
2-Jul-05,
3-Jul-05,
4-Jul-05,
5-Jul-05,
6-Jul-05,
7-Jul-05,
8-Jul-05,
9-Jul-05,
10-Jul-05,
11-Jul-05,
12-Jul-05,
13-Jul-05,
14-Jul-05,
15-Jul-05,
16-Jul-05,
17-Jul-05,
18-Jul-05,
19-Jul-05,
20-Jul-05,
21-Jul-05,
22-Jul-05,
23-Jul-05,
24-Jul-05,
25-Jul-05,
26-Jul-05,
27-Jul-05,
28-Jul-05,
29-Jul-05,
30-Jul-05,
31-Jul-05,
1-Aug-05,
2-Aug-05,
3-Aug-05,
4-Aug-05,
5-Aug-05,
6-Aug-05,
7-Aug-05,
8-Aug-05,
9-Aug-05,
10-Aug-05,
11-Aug-05,
12-Aug-05,
13-Aug-05,
14-Aug-05,
15-Aug-05,
16-Aug-05,
17-Aug-05,
18-Aug-05,
19-Aug-05,
20-Aug-05,
21-Aug-05,
22-Aug-05,
23-Aug-05,
24-Aug-05,
25-Aug-05,
26-Aug-05,
27-Aug-05,
28-Aug-05,
29-Aug-05,
30-Aug-05,
31-Aug-05,
1-Sep-05,
2-Sep-05,
3-Sep-05,
4-Sep-05,
5-Sep-05,
6-Sep-05,
7-Sep-05,
8-Sep-05,
9-Sep-05,
10-Sep-05,
11-Sep-05,
12-Sep-05,
13-Sep-05,
14-Sep-05,
15-Sep-05,
16-Sep-05,
17-Sep-05,
18-Sep-05,
19-Sep-05,
20-Sep-05,
21-Sep-05,
22-Sep-05,
23-Sep-05,
24-Sep-05,
25-Sep-05,
26-Sep-05,
27-Sep-05,
28-Sep-05,
29-Sep-05,
30-Sep-05,
1-Oct-05,
2-Oct-05,
3-Oct-05,
4-Oct-05,
5-Oct-05,
6-Oct-05,
7-Oct-05,
8-Oct-05,
9-Oct-05,
10-Oct-05,
11-Oct-05,
12-Oct-05,
13-Oct-05,
14-Oct-05,
15-Oct-05,
16-Oct-05,
17-Oct-05,
18-Oct-05,
19-Oct-05,
20-Oct-05,
21-Oct-05,
22-Oct-05,
23-Oct-05,
24-Oct-05,
25-Oct-05,
26-Oct-05,
27-Oct-05,
28-Oct-05,
29-Oct-05,
30-Oct-05,
31-Oct-05,
1-Nov-05,
2-Nov-05,
3-Nov-05,
4-Nov-05,
5-Nov-05,
6-Nov-05,
7-Nov-05,
8-Nov-05,
9-Nov-05,
10-Nov-05,
11-Nov-05,
12-Nov-05,
13-Nov-05,
14-Nov-05,
15-Nov-05,
16-Nov-05,
17-Nov-05,
18-Nov-05,
19-Nov-05,
20-Nov-05,
21-Nov-05,
22-Nov-05,
23-Nov-05,
24-Nov-05,
25-Nov-05,
26-Nov-05,
27-Nov-05,
28-Nov-05,
29-Nov-05,
30-Nov-05,
1-Dec-05,
2-Dec-05,
3-Dec-05,
4-Dec-05,
5-Dec-05,
6-Dec-05,
7-Dec-05,
8-Dec-05,
9-Dec-05,
10-Dec-05,
11-Dec-05,
12-Dec-05,
13-Dec-05,
14-Dec-05,
15-Dec-05,
16-Dec-05,
17-Dec-05,
18-Dec-05,
19-Dec-05,
20-Dec-05,
21-Dec-05,
22-Dec-05,
23-Dec-05,
24-Dec-05,
25-Dec-05,
26-Dec-05,
27-Dec-05,
28-Dec-05,
29-Dec-05,
30-Dec-05,
31-Dec-05,
1-Jan-06,
2-Jan-06,
3-Jan-06,
4-Jan-06,
5-Jan-06,
6-Jan-06,
7-Jan-06,
8-Jan-06,
9-Jan-06,
10-Jan-06,
11-Jan-06,
12-Jan-06,
13-Jan-06,
14-Jan-06,
15-Jan-06,
16-Jan-06,
17-Jan-06,
18-Jan-06,
19-Jan-06,
20-Jan-06,
21-Jan-06,
22-Jan-06,
23-Jan-06,
24-Jan-06,
25-Jan-06,
26-Jan-06,
27-Jan-06,
28-Jan-06,
29-Jan-06,
30-Jan-06,
31-Jan-06,
1-Feb-06,
2-Feb-06,
3-Feb-06,
4-Feb-06,
5-Feb-06,
6-Feb-06,
7-Feb-06,
8-Feb-06,
9-Feb-06,
10-Feb-06,
11-Feb-06,
12-Feb-06,
13-Feb-06,
14-Feb-06,
15-Feb-06,
16-Feb-06,
17-Feb-06,
18-Feb-06,
19-Feb-06,
20-Feb-06,
21-Feb-06,
22-Feb-06,
23-Feb-06,
24-Feb-06,
25-Feb-06,
26-Feb-06,
27-Feb-06,
28-Feb-06,
1-Mar-06,
2-Mar-06,
3-Mar-06,
4-Mar-06,
5-Mar-06,
6-Mar-06,
7-Mar-06,
8-Mar-06,
9-Mar-06,
10-Mar-06,
11-Mar-06,
12-Mar-06,
13-Mar-06,
14-Mar-06,
15-Mar-06,
16-Mar-06,
17-Mar-06,
18-Mar-06,
19-Mar-06,
20-Mar-06,
21-Mar-06,
22-Mar-06,
23-Mar-06,
24-Mar-06,
25-Mar-06,
26-Mar-06,
27-Mar-06,
28-Mar-06,
29-Mar-06,
30-Mar-06,
31-Mar-06,
1-Apr-06,
2-Apr-06,
3-Apr-06,
4-Apr-06,
5-Apr-06,
6-Apr-06,
7-Apr-06,
8-Apr-06,
9-Apr-06,
10-Apr-06,
11-Apr-06,
12-Apr-06,
13-Apr-06,
14-Apr-06,
15-Apr-06,
16-Apr-06,
17-Apr-06,
18-Apr-06,
19-Apr-06,
20-Apr-06,
21-Apr-06,
22-Apr-06,
23-Apr-06,
24-Apr-06,
25-Apr-06,
26-Apr-06,
27-Apr-06,
28-Apr-06,
29-Apr-06,
30-Apr-06,
1-May-06,
2-May-06,
3-May-06,
4-May-06,
5-May-06,
6-May-06,
7-May-06,
8-May-06,
9-May-06,
10-May-06,
11-May-06,
12-May-06,
13-May-06,
14-May-06,
15-May-06,
16-May-06,
17-May-06,
18-May-06,
19-May-06,
20-May-06,
21-May-06,
22-May-06,
23-May-06,
24-May-06,
25-May-06,
26-May-06,
27-May-06,
28-May-06,
29-May-06,
30-May-06,
31-May-06,
1-Jun-06,
2-Jun-06,
3-Jun-06,
4-Jun-06,
5-Jun-06,
6-Jun-06,
7-Jun-06,
8-Jun-06,
9-Jun-06,
10-Jun-06,
11-Jun-06,
12-Jun-06,
13-Jun-06,
14-Jun-06,
15-Jun-06,
16-Jun-06,
17-Jun-06,
18-Jun-06,
19-Jun-06,
20-Jun-06,
21-Jun-06,
22-Jun-06,
23-Jun-06,
24-Jun-06,
25-Jun-06,
26-Jun-06,
27-Jun-06,
28-Jun-06,
29-Jun-06,
30-Jun-06,
1-Jul-06,
2-Jul-06,
3-Jul-06,
4-Jul-06,
5-Jul-06,
6-Jul-06,
7-Jul-06,
8-Jul-06,
9-Jul-06,
10-Jul-06,
11-Jul-06,
12-Jul-06,
13-Jul-06,
14-Jul-06,
15-Jul-06,
16-Jul-06,
17-Jul-06,
18-Jul-06,
19-Jul-06,
20-Jul-06,
21-Jul-06,
22-Jul-06,
23-Jul-06,
24-Jul-06,
25-Jul-06,
26-Jul-06,
27-Jul-06,
28-Jul-06,
29-Jul-06,
30-Jul-06,
31-Jul-06,
1-Aug-06,
2-Aug-06,
3-Aug-06,
4-Aug-06,
5-Aug-06,
6-Aug-06,
7-Aug-06,
8-Aug-06,
9-Aug-06,
10-Aug-06,
11-Aug-06,
12-Aug-06,
13-Aug-06,
14-Aug-06,
15-Aug-06,
16-Aug-06,
17-Aug-06,
18-Aug-06,
19-Aug-06,
20-Aug-06,
21-Aug-06,
22-Aug-06,
23-Aug-06,
24-Aug-06,
25-Aug-06,
26-Aug-06,
27-Aug-06,
28-Aug-06,
29-Aug-06,
30-Aug-06,
31-Aug-06,
1-Sep-06,
2-Sep-06,
3-Sep-06,
4-Sep-06,
5-Sep-06,
6-Sep-06,
7-Sep-06,
8-Sep-06,
9-Sep-06,
10-Sep-06,
11-Sep-06,
12-Sep-06,
13-Sep-06,
14-Sep-06,
15-Sep-06,
16-Sep-06,
17-Sep-06,
18-Sep-06,
19-Sep-06,
20-Sep-06,
21-Sep-06,
22-Sep-06,
23-Sep-06,
24-Sep-06,
25-Sep-06,
26-Sep-06,
27-Sep-06,
28-Sep-06,
29-Sep-06,
30-Sep-06,
1-Oct-06,
2-Oct-06,
3-Oct-06,
4-Oct-06,
5-Oct-06,
6-Oct-06,
7-Oct-06,
8-Oct-06,
9-Oct-06,
10-Oct-06,
11-Oct-06,
12-Oct-06,
13-Oct-06,
14-Oct-06,
15-Oct-06,
16-Oct-06,
17-Oct-06,
18-Oct-06,
19-Oct-06,
20-Oct-06,
21-Oct-06,
22-Oct-06,
23-Oct-06,
24-Oct-06,
25-Oct-06,
26-Oct-06,
27-Oct-06,
28-Oct-06,
29-Oct-06,
30-Oct-06,
31-Oct-06,
1-Nov-06,
2-Nov-06,
3-Nov-06,
4-Nov-06,
5-Nov-06,
6-Nov-06,
7-Nov-06,
8-Nov-06,
9-Nov-06,
10-Nov-06,
11-Nov-06,
12-Nov-06,
13-Nov-06,
14-Nov-06,
15-Nov-06,
16-Nov-06,
17-Nov-06,
18-Nov-06,
19-Nov-06,
20-Nov-06,
21-Nov-06,
22-Nov-06,
23-Nov-06,
24-Nov-06,
25-Nov-06,
26-Nov-06,
27-Nov-06,
28-Nov-06,
29-Nov-06,
30-Nov-06,
1-Dec-06,
2-Dec-06,
3-Dec-06,
4-Dec-06,
5-Dec-06,
6-Dec-06,
7-Dec-06,
8-Dec-06,
9-Dec-06,
10-Dec-06,
11-Dec-06,
12-Dec-06,
13-Dec-06,
14-Dec-06,
15-Dec-06,
16-Dec-06,
17-Dec-06,
18-Dec-06,
19-Dec-06,
20-Dec-06,
21-Dec-06,
22-Dec-06,
23-Dec-06,
24-Dec-06,
25-Dec-06,
26-Dec-06,
27-Dec-06,
28-Dec-06,
29-Dec-06,
30-Dec-06,
31-Dec-06,
1-Jan-07,
2-Jan-07,
3-Jan-07,
4-Jan-07,
5-Jan-07,
6-Jan-07,
7-Jan-07,
8-Jan-07,
9-Jan-07,
10-Jan-07,
11-Jan-07,
12-Jan-07,
13-Jan-07,
14-Jan-07,
15-Jan-07,
16-Jan-07,
17-Jan-07,
18-Jan-07,
19-Jan-07,
20-Jan-07,
21-Jan-07,
22-Jan-07,
23-Jan-07,
24-Jan-07,
25-Jan-07,
26-Jan-07,
27-Jan-07,
28-Jan-07,
29-Jan-07,
30-Jan-07,
31-Jan-07,
1-Feb-07,
2-Feb-07,
3-Feb-07,
4-Feb-07,
5-Feb-07,
6-Feb-07,
7-Feb-07,
8-Feb-07,
9-Feb-07,
10-Feb-07,
11-Feb-07,
12-Feb-07,
13-Feb-07,
14-Feb-07,
15-Feb-07,
16-Feb-07,
17-Feb-07,
18-Feb-07,
19-Feb-07,
20-Feb-07,
21-Feb-07,
22-Feb-07,
23-Feb-07,
24-Feb-07,
25-Feb-07,
26-Feb-07,
27-Feb-07,
28-Feb-07,
1-Mar-07,
2-Mar-07,
3-Mar-07,
4-Mar-07,
5-Mar-07,
6-Mar-07,
7-Mar-07,
8-Mar-07,
9-Mar-07,
10-Mar-07,
11-Mar-07,
12-Mar-07,
13-Mar-07,
14-Mar-07,
15-Mar-07,
16-Mar-07,
17-Mar-07,
18-Mar-07,
19-Mar-07,
20-Mar-07,
21-Mar-07,
22-Mar-07,
23-Mar-07,
24-Mar-07,
25-Mar-07,
26-Mar-07,
27-Mar-07,
28-Mar-07,
29-Mar-07,
30-Mar-07,
31-Mar-07,
1-Apr-07,
2-Apr-07,
3-Apr-07,
4-Apr-07,
5-Apr-07,
6-Apr-07,
7-Apr-07,
8-Apr-07,
9-Apr-07,
10-Apr-07,
11-Apr-07,
12-Apr-07,
13-Apr-07,
14-Apr-07,
15-Apr-07,
16-Apr-07,
17-Apr-07,
18-Apr-07,
19-Apr-07,
20-Apr-07,
21-Apr-07,
22-Apr-07,
23-Apr-07,
24-Apr-07,
25-Apr-07,
26-Apr-07,
27-Apr-07,
28-Apr-07,
29-Apr-07,
30-Apr-07,
1-May-07,
2-May-07,
3-May-07,
4-May-07,
5-May-07,
6-May-07,
7-May-07,
8-May-07,
9-May-07,
10-May-07,
11-May-07,
12-May-07,
13-May-07,
14-May-07,
15-May-07,
16-May-07,
17-May-07,
18-May-07,
19-May-07,
20-May-07,
21-May-07,
22-May-07,
23-May-07,
24-May-07,
25-May-07,
26-May-07,
27-May-07,
28-May-07,
29-May-07,
30-May-07,
31-May-07,
1-Jun-07,
2-Jun-07,
3-Jun-07,
4-Jun-07,
5-Jun-07,
6-Jun-07,
7-Jun-07,
8-Jun-07,
9-Jun-07,
10-Jun-07,
11-Jun-07,
12-Jun-07,
13-Jun-07,
14-Jun-07,
15-Jun-07,
16-Jun-07,
17-Jun-07,
18-Jun-07,
19-Jun-07,
20-Jun-07,
21-Jun-07,
22-Jun-07,
23-Jun-07,
24-Jun-07,
25-Jun-07,
26-Jun-07,
27-Jun-07,
28-Jun-07,
29-Jun-07,
30-Jun-07,
1-Jul-07,
2-Jul-07,
3-Jul-07,
4-Jul-07,
5-Jul-07,
6-Jul-07,
7-Jul-07,
8-Jul-07,
9-Jul-07,
10-Jul-07,
11-Jul-07,
12-Jul-07,
13-Jul-07,
14-Jul-07,
15-Jul-07,
16-Jul-07,
17-Jul-07,
18-Jul-07,
19-Jul-07,
20-Jul-07,
21-Jul-07,
22-Jul-07,
23-Jul-07,
24-Jul-07,
25-Jul-07,
26-Jul-07,
27-Jul-07,
28-Jul-07,
29-Jul-07,
30-Jul-07,
31-Jul-07,
1-Aug-07,
2-Aug-07,
3-Aug-07,
4-Aug-07,
5-Aug-07,
6-Aug-07,
7-Aug-07,
8-Aug-07,
9-Aug-07,
10-Aug-07,
11-Aug-07,
12-Aug-07,
13-Aug-07,
14-Aug-07,
15-Aug-07,
16-Aug-07,
17-Aug-07,
18-Aug-07,
19-Aug-07,
20-Aug-07,
21-Aug-07,
22-Aug-07,
23-Aug-07,
24-Aug-07,
25-Aug-07,
26-Aug-07,
27-Aug-07,
28-Aug-07,
29-Aug-07,
30-Aug-07,
31-Aug-07,
1-Sep-07,
2-Sep-07,
3-Sep-07,
4-Sep-07,
5-Sep-07,
6-Sep-07,
7-Sep-07,
8-Sep-07,
9-Sep-07,
10-Sep-07,
11-Sep-07,
12-Sep-07,
13-Sep-07,
14-Sep-07,
15-Sep-07,
16-Sep-07,
17-Sep-07,
18-Sep-07,
19-Sep-07,
20-Sep-07,
21-Sep-07,
22-Sep-07,
23-Sep-07,
24-Sep-07,
25-Sep-07,
26-Sep-07,
27-Sep-07,
28-Sep-07,
29-Sep-07,
30-Sep-07,
1-Oct-07,
2-Oct-07,
3-Oct-07,
4-Oct-07,
5-Oct-07,
6-Oct-07,
7-Oct-07,
8-Oct-07,
9-Oct-07,
10-Oct-07,
11-Oct-07,
12-Oct-07,
13-Oct-07,
14-Oct-07,
15-Oct-07,
16-Oct-07,
17-Oct-07,
18-Oct-07,
19-Oct-07,
20-Oct-07,
21-Oct-07,
22-Oct-07,
23-Oct-07,
24-Oct-07,
25-Oct-07,
26-Oct-07,
27-Oct-07,
28-Oct-07,
29-Oct-07,
30-Oct-07,
31-Oct-07,
1-Nov-07,
2-Nov-07,
3-Nov-07,
4-Nov-07,
5-Nov-07,
6-Nov-07,
7-Nov-07,
8-Nov-07,
9-Nov-07,
10-Nov-07,
11-Nov-07,
12-Nov-07,
13-Nov-07,
14-Nov-07,
15-Nov-07,
16-Nov-07,
17-Nov-07,
18-Nov-07,
19-Nov-07,
20-Nov-07,
21-Nov-07,
22-Nov-07,
23-Nov-07,
24-Nov-07,
25-Nov-07,
26-Nov-07,
27-Nov-07,
28-Nov-07,
29-Nov-07,
30-Nov-07,
1-Dec-07,
2-Dec-07,
3-Dec-07,
4-Dec-07,
5-Dec-07,
6-Dec-07,
7-Dec-07,
8-Dec-07,
9-Dec-07,
10-Dec-07,
11-Dec-07,
12-Dec-07,
13-Dec-07,
14-Dec-07,
15-Dec-07,
16-Dec-07,
17-Dec-07,
18-Dec-07,
19-Dec-07,
20-Dec-07,
21-Dec-07,
22-Dec-07,
23-Dec-07,
24-Dec-07,
25-Dec-07,
26-Dec-07,
27-Dec-07,
28-Dec-07,
29-Dec-07,
30-Dec-07,
31-Dec-07,
1-Jan-08,
2-Jan-08,
3-Jan-08,
4-Jan-08,
5-Jan-08,
6-Jan-08,
7-Jan-08,
8-Jan-08,
9-Jan-08,
10-Jan-08,
11-Jan-08,
12-Jan-08,
13-Jan-08,
14-Jan-08,
15-Jan-08,
16-Jan-08,
17-Jan-08,
18-Jan-08,
19-Jan-08,
20-Jan-08,
21-Jan-08,
22-Jan-08,
23-Jan-08,
24-Jan-08,
25-Jan-08,
26-Jan-08,
27-Jan-08,
28-Jan-08,
29-Jan-08,
30-Jan-08,
31-Jan-08,
1-Feb-08,
2-Feb-08,
3-Feb-08,
4-Feb-08,
5-Feb-08,
6-Feb-08,
7-Feb-08,
8-Feb-08,
9-Feb-08,
10-Feb-08,
11-Feb-08,
12-Feb-08,
13-Feb-08,
14-Feb-08,
15-Feb-08,
16-Feb-08,
17-Feb-08,
18-Feb-08,
19-Feb-08,
20-Feb-08,
21-Feb-08,
22-Feb-08,
23-Feb-08,
24-Feb-08,
25-Feb-08,
26-Feb-08,
27-Feb-08,
28-Feb-08,
29-Feb-08,
1-Mar-08,
2-Mar-08,
3-Mar-08,
4-Mar-08,
5-Mar-08,
6-Mar-08,
7-Mar-08,
8-Mar-08,
9-Mar-08,
10-Mar-08,
11-Mar-08,
12-Mar-08,
13-Mar-08,
14-Mar-08,
15-Mar-08,
16-Mar-08,
17-Mar-08,
18-Mar-08,
19-Mar-08,
20-Mar-08,
21-Mar-08,
22-Mar-08,
23-Mar-08,
24-Mar-08,
25-Mar-08,
26-Mar-08,
27-Mar-08,
28-Mar-08,
29-Mar-08,
30-Mar-08,
31-Mar-08,
1-Apr-08,
2-Apr-08,
3-Apr-08,
4-Apr-08,
5-Apr-08,
6-Apr-08,
7-Apr-08,
8-Apr-08,
9-Apr-08,
10-Apr-08,
11-Apr-08,
12-Apr-08,
13-Apr-08,
14-Apr-08,
15-Apr-08,
16-Apr-08,
17-Apr-08,
18-Apr-08,
19-Apr-08,
20-Apr-08,
21-Apr-08,
22-Apr-08,
23-Apr-08,
24-Apr-08,
25-Apr-08,
26-Apr-08,
27-Apr-08,
28-Apr-08,
29-Apr-08,
30-Apr-08,
1-May-08,
2-May-08,
3-May-08,
4-May-08,
5-May-08,
6-May-08,
7-May-08,
8-May-08,
9-May-08,
10-May-08,
11-May-08,
12-May-08,
13-May-08,
14-May-08,
15-May-08,
16-May-08,
17-May-08,
18-May-08,
19-May-08,
20-May-08,
21-May-08,
22-May-08,
23-May-08,
24-May-08,
25-May-08,
26-May-08,
27-May-08,
28-May-08,
29-May-08,
30-May-08,
31-May-08,
1-Jun-08,
2-Jun-08,
3-Jun-08,
4-Jun-08,
5-Jun-08,
6-Jun-08,
7-Jun-08,
8-Jun-08,
9-Jun-08,
10-Jun-08,
11-Jun-08,
12-Jun-08,
13-Jun-08,
14-Jun-08,
15-Jun-08,
16-Jun-08,
17-Jun-08,
18-Jun-08,
19-Jun-08,
20-Jun-08,
21-Jun-08,
22-Jun-08,
23-Jun-08,
24-Jun-08,
25-Jun-08,
26-Jun-08,
27-Jun-08,
28-Jun-08,
29-Jun-08,
30-Jun-08,
1-Jul-08,
2-Jul-08,
3-Jul-08,
4-Jul-08,
5-Jul-08,
6-Jul-08,
7-Jul-08,
8-Jul-08,
9-Jul-08,
10-Jul-08,
11-Jul-08,
12-Jul-08,
13-Jul-08,
14-Jul-08,
15-Jul-08,
16-Jul-08,
17-Jul-08,
18-Jul-08,
19-Jul-08,
20-Jul-08,
21-Jul-08,
22-Jul-08,
23-Jul-08,
24-Jul-08,
25-Jul-08,
26-Jul-08,
27-Jul-08,
28-Jul-08,
29-Jul-08,
30-Jul-08,
31-Jul-08,
1-Aug-08,
2-Aug-08,
3-Aug-08,
4-Aug-08,
5-Aug-08,
6-Aug-08,
7-Aug-08,
8-Aug-08,
9-Aug-08,
10-Aug-08,
11-Aug-08,
12-Aug-08,
13-Aug-08,
14-Aug-08,
15-Aug-08,
16-Aug-08,
17-Aug-08,
18-Aug-08,
19-Aug-08,
20-Aug-08,
21-Aug-08,
22-Aug-08,
23-Aug-08,
24-Aug-08,
25-Aug-08,
26-Aug-08,
27-Aug-08,
28-Aug-08,
29-Aug-08,
30-Aug-08,
31-Aug-08,
1-Sep-08,
2-Sep-08,
3-Sep-08,
4-Sep-08,
5-Sep-08,
6-Sep-08,
7-Sep-08,
8-Sep-08,
9-Sep-08,
10-Sep-08,
11-Sep-08,
12-Sep-08,
13-Sep-08,
14-Sep-08,
15-Sep-08,
16-Sep-08,
17-Sep-08,
18-Sep-08,
19-Sep-08,
20-Sep-08,
21-Sep-08,
22-Sep-08,
23-Sep-08,
24-Sep-08,
25-Sep-08,
26-Sep-08,
27-Sep-08,
28-Sep-08,
29-Sep-08,
30-Sep-08,
1-Oct-08,
2-Oct-08,
3-Oct-08,
4-Oct-08,
5-Oct-08,
6-Oct-08,
7-Oct-08,
8-Oct-08,
9-Oct-08,
10-Oct-08,
11-Oct-08,
12-Oct-08,
13-Oct-08,
14-Oct-08,
15-Oct-08,
16-Oct-08,
17-Oct-08,
18-Oct-08,
19-Oct-08,
20-Oct-08,
21-Oct-08,
22-Oct-08,
23-Oct-08,
24-Oct-08,
25-Oct-08,
26-Oct-08,
27-Oct-08,
28-Oct-08,
29-Oct-08,
30-Oct-08,
31-Oct-08,
1-Nov-08,
2-Nov-08,
3-Nov-08,
4-Nov-08,
5-Nov-08,
6-Nov-08,
7-Nov-08,
8-Nov-08,
9-Nov-08,
10-Nov-08,
11-Nov-08,
12-Nov-08,
13-Nov-08,
14-Nov-08,
15-Nov-08,
16-Nov-08,
17-Nov-08,
18-Nov-08,
19-Nov-08,
20-Nov-08,
21-Nov-08,
22-Nov-08,
23-Nov-08,
24-Nov-08,
25-Nov-08,
26-Nov-08,
27-Nov-08,
28-Nov-08,
29-Nov-08,
30-Nov-08,
1-Dec-08,
2-Dec-08,
3-Dec-08,
4-Dec-08,
5-Dec-08,
6-Dec-08,
7-Dec-08,
8-Dec-08,
9-Dec-08,
10-Dec-08,
11-Dec-08,
12-Dec-08,
13-Dec-08,
14-Dec-08,
15-Dec-08,
16-Dec-08,
17-Dec-08,
18-Dec-08,
19-Dec-08,
20-Dec-08,
21-Dec-08,
22-Dec-08,
23-Dec-08,
24-Dec-08,
25-Dec-08,
26-Dec-08,
27-Dec-08,
28-Dec-08,
29-Dec-08,
30-Dec-08,
31-Dec-08,
1-Jan-09,
2-Jan-09,
3-Jan-09,
4-Jan-09,
5-Jan-09,
6-Jan-09,
7-Jan-09,
8-Jan-09,
9-Jan-09,
10-Jan-09,
11-Jan-09,
12-Jan-09,
13-Jan-09,
14-Jan-09,
15-Jan-09,
16-Jan-09,
17-Jan-09,
18-Jan-09,
19-Jan-09,
20-Jan-09,
21-Jan-09,
22-Jan-09,
23-Jan-09,
24-Jan-09,
25-Jan-09,
26-Jan-09,
27-Jan-09,
28-Jan-09,
29-Jan-09,
30-Jan-09,
31-Jan-09,
1-Feb-09,
2-Feb-09,
3-Feb-09,
4-Feb-09,
5-Feb-09,
6-Feb-09,
7-Feb-09,
8-Feb-09,
9-Feb-09,
10-Feb-09,
11-Feb-09,
12-Feb-09,
13-Feb-09,
14-Feb-09,
15-Feb-09,
16-Feb-09,
17-Feb-09,
18-Feb-09,
19-Feb-09,
20-Feb-09,
21-Feb-09,
22-Feb-09,
23-Feb-09,
24-Feb-09,
25-Feb-09,
26-Feb-09,
27-Feb-09,
28-Feb-09,
1-Mar-09,
2-Mar-09,
3-Mar-09,
4-Mar-09,
5-Mar-09,
6-Mar-09,
7-Mar-09,
8-Mar-09,
9-Mar-09,
10-Mar-09,
11-Mar-09,
12-Mar-09,
13-Mar-09,
14-Mar-09,
15-Mar-09,
16-Mar-09,
17-Mar-09,
18-Mar-09,
19-Mar-09,
20-Mar-09,
21-Mar-09,
22-Mar-09,
23-Mar-09,
24-Mar-09,
25-Mar-09,
26-Mar-09,
27-Mar-09,
28-Mar-09,
29-Mar-09,
30-Mar-09,
31-Mar-09,
1-Apr-09,
2-Apr-09,
3-Apr-09,
4-Apr-09,
5-Apr-09,
6-Apr-09,
7-Apr-09,
8-Apr-09,
9-Apr-09,
10-Apr-09,
11-Apr-09,
12-Apr-09,
13-Apr-09,
14-Apr-09,
15-Apr-09,
16-Apr-09,
17-Apr-09,
18-Apr-09,
19-Apr-09,
20-Apr-09,
21-Apr-09,
22-Apr-09,
23-Apr-09,
24-Apr-09,
25-Apr-09,
26-Apr-09,
27-Apr-09,
28-Apr-09,
29-Apr-09,
30-Apr-09,
1-May-09,
2-May-09,
3-May-09,
4-May-09,
5-May-09,
6-May-09,
7-May-09,
8-May-09,
9-May-09,
10-May-09,
11-May-09,
12-May-09,
13-May-09,
14-May-09,
15-May-09,
16-May-09,
17-May-09,
18-May-09,
19-May-09,
20-May-09,
21-May-09,
22-May-09,
23-May-09,
24-May-09,
25-May-09,
26-May-09,
27-May-09,
28-May-09,
29-May-09,
30-May-09,
31-May-09,
1-Jun-09,
2-Jun-09,
3-Jun-09,
4-Jun-09,
5-Jun-09,
6-Jun-09,
7-Jun-09,
8-Jun-09,
9-Jun-09,
10-Jun-09,
11-Jun-09,
12-Jun-09,
13-Jun-09,
14-Jun-09,
15-Jun-09,
16-Jun-09,
17-Jun-09,
18-Jun-09,
19-Jun-09,
20-Jun-09,
21-Jun-09,
22-Jun-09,
23-Jun-09,
24-Jun-09,
25-Jun-09,
26-Jun-09,
27-Jun-09,
28-Jun-09,
29-Jun-09,
30-Jun-09,
1-Jul-09,
2-Jul-09,
3-Jul-09,
4-Jul-09,
5-Jul-09,
6-Jul-09,
7-Jul-09,
8-Jul-09,
9-Jul-09,
10-Jul-09,
11-Jul-09,
12-Jul-09,
13-Jul-09,
14-Jul-09,
15-Jul-09,
16-Jul-09,
17-Jul-09,
18-Jul-09,
19-Jul-09,
20-Jul-09,
21-Jul-09,
22-Jul-09,
23-Jul-09,
24-Jul-09,
25-Jul-09,
26-Jul-09,
27-Jul-09,
28-Jul-09,
29-Jul-09,
30-Jul-09,
31-Jul-09,
1-Aug-09,
2-Aug-09,
3-Aug-09,
4-Aug-09,
5-Aug-09,
6-Aug-09,
7-Aug-09,
8-Aug-09,
9-Aug-09,
10-Aug-09,
11-Aug-09,
12-Aug-09,
13-Aug-09,
14-Aug-09,
15-Aug-09,
16-Aug-09,
17-Aug-09,
18-Aug-09,
19-Aug-09,
20-Aug-09,
21-Aug-09,
22-Aug-09,
23-Aug-09,
24-Aug-09,
25-Aug-09,
26-Aug-09,
27-Aug-09,
28-Aug-09,
29-Aug-09,
30-Aug-09,
31-Aug-09,
1-Sep-09,
2-Sep-09,
3-Sep-09,
4-Sep-09,
5-Sep-09,
6-Sep-09,
7-Sep-09,
8-Sep-09,
9-Sep-09,
10-Sep-09,
11-Sep-09,
12-Sep-09,
13-Sep-09,
14-Sep-09,
15-Sep-09,
16-Sep-09,
17-Sep-09,
18-Sep-09,
19-Sep-09,
20-Sep-09,
21-Sep-09,
22-Sep-09,
23-Sep-09,
24-Sep-09,
25-Sep-09,
26-Sep-09,
27-Sep-09,
28-Sep-09,
29-Sep-09,
30-Sep-09,
1-Oct-09,
2-Oct-09,
3-Oct-09,
4-Oct-09,
5-Oct-09,
6-Oct-09,
7-Oct-09,
8-Oct-09,
9-Oct-09,
10-Oct-09,
11-Oct-09,
12-Oct-09,
13-Oct-09,
14-Oct-09,
15-Oct-09,
16-Oct-09,
17-Oct-09,
18-Oct-09,
19-Oct-09,
20-Oct-09,
21-Oct-09,
22-Oct-09,
23-Oct-09,
24-Oct-09,
25-Oct-09,
26-Oct-09,
27-Oct-09,
28-Oct-09,
29-Oct-09,
30-Oct-09,
31-Oct-09,
1-Nov-09,
2-Nov-09,
3-Nov-09,
4-Nov-09,
5-Nov-09,
6-Nov-09,
7-Nov-09,
8-Nov-09,
9-Nov-09,
10-Nov-09,
11-Nov-09,
12-Nov-09,
13-Nov-09,
14-Nov-09,
15-Nov-09,
16-Nov-09,
17-Nov-09,
18-Nov-09,
19-Nov-09,
20-Nov-09,
21-Nov-09,
22-Nov-09,
23-Nov-09,
24-Nov-09,
25-Nov-09,
26-Nov-09,
27-Nov-09,
28-Nov-09,
29-Nov-09,
30-Nov-09,
1-Dec-09,
2-Dec-09,
3-Dec-09,
4-Dec-09,
5-Dec-09,
6-Dec-09,
7-Dec-09,
8-Dec-09,
9-Dec-09,
10-Dec-09,
11-Dec-09,
12-Dec-09,
13-Dec-09,
14-Dec-09,
15-Dec-09,
16-Dec-09,
17-Dec-09,
18-Dec-09,
19-Dec-09,
20-Dec-09,
21-Dec-09,
22-Dec-09,
23-Dec-09,
24-Dec-09,
25-Dec-09,
26-Dec-09,
27-Dec-09,
28-Dec-09,
29-Dec-09,
30-Dec-09,
31-Dec-09,
1-Jan-10,
2-Jan-10,
3-Jan-10,
4-Jan-10,
5-Jan-10,
6-Jan-10,
7-Jan-10,
8-Jan-10,
9-Jan-10,
10-Jan-10,
11-Jan-10,
12-Jan-10,
13-Jan-10,
14-Jan-10,
15-Jan-10,
16-Jan-10,
17-Jan-10,
18-Jan-10,
19-Jan-10,
20-Jan-10,
21-Jan-10,
22-Jan-10,
23-Jan-10,
24-Jan-10,
25-Jan-10,
26-Jan-10,
27-Jan-10,
28-Jan-10,
29-Jan-10,
30-Jan-10,
31-Jan-10,
1-Feb-10,
2-Feb-10,
3-Feb-10,
4-Feb-10,
5-Feb-10,
6-Feb-10,
7-Feb-10,
8-Feb-10,
9-Feb-10,
10-Feb-10,
11-Feb-10,
12-Feb-10,
13-Feb-10,
14-Feb-10,
15-Feb-10,
16-Feb-10,
17-Feb-10,
18-Feb-10,
19-Feb-10,
20-Feb-10,
21-Feb-10,
22-Feb-10,
23-Feb-10,
24-Feb-10,
25-Feb-10,
26-Feb-10,
27-Feb-10,
28-Feb-10,
1-Mar-10,
2-Mar-10,
3-Mar-10,
4-Mar-10,
5-Mar-10,
6-Mar-10,
7-Mar-10,
8-Mar-10,
9-Mar-10,
10-Mar-10,
11-Mar-10,
12-Mar-10,
13-Mar-10,
14-Mar-10,
15-Mar-10,
16-Mar-10,
17-Mar-10,
18-Mar-10,
19-Mar-10,
20-Mar-10,
21-Mar-10,
22-Mar-10,
23-Mar-10,
24-Mar-10,
25-Mar-10,
26-Mar-10,
27-Mar-10,
28-Mar-10,
29-Mar-10,
30-Mar-10,
31-Mar-10,
1-Apr-10,
2-Apr-10,
3-Apr-10,
4-Apr-10,
5-Apr-10,
6-Apr-10,
7-Apr-10,
8-Apr-10,
9-Apr-10,
10-Apr-10,
11-Apr-10,
12-Apr-10,
13-Apr-10,
14-Apr-10,
15-Apr-10,
16-Apr-10,
17-Apr-10,
18-Apr-10,
19-Apr-10,
20-Apr-10,
21-Apr-10,
22-Apr-10,
23-Apr-10,
24-Apr-10,
25-Apr-10,
26-Apr-10,
27-Apr-10,
28-Apr-10,
29-Apr-10,
30-Apr-10,
1-May-10,
2-May-10,
3-May-10,
4-May-10,
5-May-10,
6-May-10,
7-May-10,
8-May-10,
9-May-10,
10-May-10,
11-May-10,
12-May-10,
13-May-10,
14-May-10,
15-May-10,
16-May-10,
17-May-10,
18-May-10,
19-May-10,
20-May-10,
21-May-10,
22-May-10,
23-May-10,
24-May-10,
25-May-10,
26-May-10,
27-May-10,
28-May-10,
29-May-10,
30-May-10,
31-May-10,
1-Jun-10,
2-Jun-10,
3-Jun-10,
4-Jun-10,
5-Jun-10,
6-Jun-10,
7-Jun-10,
8-Jun-10,
9-Jun-10,
10-Jun-10,
11-Jun-10,
12-Jun-10,
13-Jun-10,
14-Jun-10,
15-Jun-10,
16-Jun-10,
17-Jun-10,
18-Jun-10,
19-Jun-10,
20-Jun-10,
21-Jun-10,
22-Jun-10,
23-Jun-10,
24-Jun-10,
25-Jun-10,
26-Jun-10,
27-Jun-10,
28-Jun-10,
29-Jun-10,
30-Jun-10,
1-Jul-10,
2-Jul-10,
3-Jul-10,
4-Jul-10,
5-Jul-10,
6-Jul-10,
7-Jul-10,
8-Jul-10,
9-Jul-10,
10-Jul-10,
11-Jul-10,
12-Jul-10,
13-Jul-10,
14-Jul-10,
15-Jul-10,
16-Jul-10,
17-Jul-10,
18-Jul-10,
19-Jul-10,
20-Jul-10,
21-Jul-10,
22-Jul-10,
23-Jul-10,
24-Jul-10,
25-Jul-10,
26-Jul-10,
27-Jul-10,
28-Jul-10,
29-Jul-10,
30-Jul-10,
31-Jul-10,
1-Aug-10,
2-Aug-10,
3-Aug-10,
4-Aug-10,
5-Aug-10,
6-Aug-10,
7-Aug-10,
8-Aug-10,
9-Aug-10,
10-Aug-10,
11-Aug-10,
12-Aug-10,
13-Aug-10,
14-Aug-10,
15-Aug-10,
16-Aug-10,
17-Aug-10,
18-Aug-10,
19-Aug-10,
20-Aug-10,
21-Aug-10,
22-Aug-10,
23-Aug-10,
24-Aug-10,
25-Aug-10,
26-Aug-10,
27-Aug-10,
28-Aug-10,
29-Aug-10,
30-Aug-10,
31-Aug-10,
1-Sep-10,
2-Sep-10,
3-Sep-10,
4-Sep-10,
5-Sep-10,
6-Sep-10,
7-Sep-10,
8-Sep-10,
9-Sep-10,
10-Sep-10,
11-Sep-10,
12-Sep-10,
13-Sep-10,
14-Sep-10,
15-Sep-10,
16-Sep-10,
17-Sep-10,
18-Sep-10,
19-Sep-10,
20-Sep-10,
21-Sep-10,
22-Sep-10,
23-Sep-10,
24-Sep-10,
25-Sep-10,
26-Sep-10,
27-Sep-10,
28-Sep-10,
29-Sep-10,
30-Sep-10,
1-Oct-10,
2-Oct-10,
3-Oct-10,
4-Oct-10,
5-Oct-10,
6-Oct-10,
7-Oct-10,
8-Oct-10,
9-Oct-10,
10-Oct-10,
11-Oct-10,
12-Oct-10,
13-Oct-10,
14-Oct-10,
15-Oct-10,
16-Oct-10,
17-Oct-10,
18-Oct-10,
19-Oct-10,
20-Oct-10,
21-Oct-10,
22-Oct-10,
23-Oct-10,
24-Oct-10,
25-Oct-10,
26-Oct-10,
27-Oct-10,
28-Oct-10,
29-Oct-10,
30-Oct-10,
31-Oct-10,
1-Nov-10,
2-Nov-10,
3-Nov-10,
4-Nov-10,
5-Nov-10,
6-Nov-10,
7-Nov-10,
8-Nov-10,
9-Nov-10,
10-Nov-10,
11-Nov-10,
12-Nov-10,
13-Nov-10,
14-Nov-10,
15-Nov-10,
16-Nov-10,
17-Nov-10,
18-Nov-10,
19-Nov-10,
20-Nov-10,
21-Nov-10,
22-Nov-10,
23-Nov-10,
24-Nov-10,
25-Nov-10,
26-Nov-10,
27-Nov-10,
28-Nov-10,
29-Nov-10,
30-Nov-10,
1-Dec-10,
2-Dec-10,
3-Dec-10,
4-Dec-10,
5-Dec-10,
6-Dec-10,
7-Dec-10,
8-Dec-10,
9-Dec-10,
10-Dec-10,
11-Dec-10,
12-Dec-10,
13-Dec-10,
14-Dec-10,
15-Dec-10,
16-Dec-10,
17-Dec-10,
18-Dec-10,
19-Dec-10,
20-Dec-10,
21-Dec-10,
22-Dec-10,
23-Dec-10,
24-Dec-10,
25-Dec-10,
26-Dec-10,
27-Dec-10,
28-Dec-10,
29-Dec-10,
30-Dec-10,
31-Dec-10,
1-Jan-11,
2-Jan-11,
3-Jan-11,
4-Jan-11,
5-Jan-11,
6-Jan-11,
7-Jan-11,
8-Jan-11,
9-Jan-11,
10-Jan-11,
11-Jan-11,
12-Jan-11,
13-Jan-11,
14-Jan-11,
15-Jan-11,
16-Jan-11,
17-Jan-11,
18-Jan-11,
19-Jan-11,
20-Jan-11,
21-Jan-11,
22-Jan-11,
23-Jan-11,
24-Jan-11,
25-Jan-11,
26-Jan-11,
27-Jan-11,
28-Jan-11,
29-Jan-11,
30-Jan-11,
31-Jan-11,
1-Feb-11,
2-Feb-11,
3-Feb-11,
4-Feb-11,
5-Feb-11,
6-Feb-11,
7-Feb-11,
8-Feb-11,
9-Feb-11,
10-Feb-11,
11-Feb-11,
12-Feb-11,
13-Feb-11,
14-Feb-11,
15-Feb-11,
16-Feb-11,
17-Feb-11,
18-Feb-11,
19-Feb-11,
20-Feb-11,
21-Feb-11,
22-Feb-11,
23-Feb-11,
24-Feb-11,
25-Feb-11,
26-Feb-11,
27-Feb-11,
28-Feb-11,
1-Mar-11,
2-Mar-11,
3-Mar-11,
4-Mar-11,
5-Mar-11,
6-Mar-11,
7-Mar-11,
8-Mar-11,
9-Mar-11,
10-Mar-11,
11-Mar-11,
12-Mar-11,
13-Mar-11,
14-Mar-11,
15-Mar-11,
16-Mar-11,
17-Mar-11,
18-Mar-11,
19-Mar-11,
20-Mar-11,
21-Mar-11,
22-Mar-11,
23-Mar-11,
24-Mar-11,
25-Mar-11,
26-Mar-11,
27-Mar-11,
28-Mar-11,
29-Mar-11,
30-Mar-11,
31-Mar-11,
1-Apr-11,
2-Apr-11,
3-Apr-11,
4-Apr-11,
5-Apr-11,
6-Apr-11,
7-Apr-11,
8-Apr-11,
9-Apr-11,
10-Apr-11,
11-Apr-11,
12-Apr-11,
13-Apr-11,
14-Apr-11,
15-Apr-11,
16-Apr-11,
17-Apr-11,
18-Apr-11,
19-Apr-11,
20-Apr-11,
21-Apr-11,
22-Apr-11,
23-Apr-11,
24-Apr-11,
25-Apr-11,
26-Apr-11,
27-Apr-11,
28-Apr-11,
29-Apr-11,
30-Apr-11,
1-May-11,
2-May-11,
3-May-11,
4-May-11,
5-May-11,
6-May-11,
7-May-11,
8-May-11,
9-May-11,
10-May-11,
11-May-11,
12-May-11,
13-May-11,
14-May-11,
15-May-11,
16-May-11,
17-May-11,
18-May-11,
19-May-11,
20-May-11,
21-May-11,
22-May-11,
23-May-11,
24-May-11,
25-May-11,
26-May-11,
27-May-11,
28-May-11,
29-May-11,
30-May-11,
31-May-11,
1-Jun-11,
2-Jun-11,
3-Jun-11,
4-Jun-11,
5-Jun-11,
6-Jun-11,
7-Jun-11,
8-Jun-11,
9-Jun-11,
10-Jun-11,
11-Jun-11,
12-Jun-11,
13-Jun-11,
14-Jun-11,
15-Jun-11,
16-Jun-11,
17-Jun-11,
18-Jun-11,
19-Jun-11,
20-Jun-11,
21-Jun-11,
22-Jun-11,
23-Jun-11,
24-Jun-11,
25-Jun-11,
26-Jun-11,
27-Jun-11,
28-Jun-11,
29-Jun-11,
30-Jun-11,
1-Jul-11,
2-Jul-11,
3-Jul-11,
4-Jul-11,
5-Jul-11,
6-Jul-11,
7-Jul-11,
8-Jul-11,
9-Jul-11,
10-Jul-11,
11-Jul-11,
12-Jul-11,
13-Jul-11,
14-Jul-11,
15-Jul-11,
16-Jul-11,
17-Jul-11,
18-Jul-11,
19-Jul-11,
20-Jul-11,
21-Jul-11,
22-Jul-11,
23-Jul-11,
24-Jul-11,
25-Jul-11,
26-Jul-11,
27-Jul-11,
28-Jul-11,
29-Jul-11,
30-Jul-11,
31-Jul-11,
1-Aug-11,
2-Aug-11,
3-Aug-11,
4-Aug-11,
5-Aug-11,
6-Aug-11,
7-Aug-11,
8-Aug-11,
9-Aug-11,
10-Aug-11,
11-Aug-11,
12-Aug-11,
13-Aug-11,
14-Aug-11,
15-Aug-11,
16-Aug-11,
17-Aug-11,
18-Aug-11,
19-Aug-11,
20-Aug-11,
21-Aug-11,
22-Aug-11,
23-Aug-11,
24-Aug-11,
25-Aug-11,
26-Aug-11,
27-Aug-11,
28-Aug-11,
29-Aug-11,
30-Aug-11,
31-Aug-11,
1-Sep-11,
2-Sep-11,
3-Sep-11,
4-Sep-11,
5-Sep-11,
6-Sep-11,
7-Sep-11,
8-Sep-11,
9-Sep-11,
10-Sep-11,
11-Sep-11,
12-Sep-11,
13-Sep-11,
14-Sep-11,
15-Sep-11,
16-Sep-11,
17-Sep-11,
18-Sep-11,
19-Sep-11,
20-Sep-11,
21-Sep-11,
22-Sep-11,
23-Sep-11,
24-Sep-11,
25-Sep-11,
26-Sep-11,
27-Sep-11,
28-Sep-11,
29-Sep-11,
30-Sep-11,
1-Oct-11,
2-Oct-11,
3-Oct-11,
4-Oct-11,
5-Oct-11,
6-Oct-11,
7-Oct-11,
8-Oct-11,
9-Oct-11,
10-Oct-11,
11-Oct-11,
12-Oct-11,
13-Oct-11,
14-Oct-11,
15-Oct-11,
16-Oct-11,
17-Oct-11,
18-Oct-11,
19-Oct-11,
20-Oct-11,
21-Oct-11,
22-Oct-11,
23-Oct-11,
24-Oct-11,
25-Oct-11,
26-Oct-11,
27-Oct-11,
28-Oct-11,
29-Oct-11,
30-Oct-11,
31-Oct-11,
1-Nov-11,
2-Nov-11,
3-Nov-11,
4-Nov-11,
5-Nov-11,
6-Nov-11,
7-Nov-11,
8-Nov-11,
9-Nov-11,
10-Nov-11,
11-Nov-11,
12-Nov-11,
13-Nov-11,
14-Nov-11,
15-Nov-11,
16-Nov-11,
17-Nov-11,
18-Nov-11,
19-Nov-11,
20-Nov-11,
21-Nov-11,
22-Nov-11,
23-Nov-11,
24-Nov-11,
25-Nov-11,
26-Nov-11,
27-Nov-11,
28-Nov-11,
29-Nov-11,
30-Nov-11,
1-Dec-11,
2-Dec-11,
3-Dec-11,
4-Dec-11,
5-Dec-11,
6-Dec-11,
7-Dec-11,
8-Dec-11,
9-Dec-11,
10-Dec-11,
11-Dec-11,
12-Dec-11,
13-Dec-11,
14-Dec-11,
15-Dec-11,
16-Dec-11,
17-Dec-11,
18-Dec-11,
19-Dec-11,
20-Dec-11,
21-Dec-11,
22-Dec-11,
23-Dec-11,
24-Dec-11,
25-Dec-11,
26-Dec-11,
27-Dec-11,
28-Dec-11,
29-Dec-11,
30-Dec-11,
31-Dec-11,
1-Jan-12,
2-Jan-12,
3-Jan-12,
4-Jan-12,
5-Jan-12,
6-Jan-12,
7-Jan-12,
8-Jan-12,
9-Jan-12,
10-Jan-12,
11-Jan-12,
12-Jan-12,
13-Jan-12,
14-Jan-12,
15-Jan-12,
16-Jan-12,
17-Jan-12,
18-Jan-12,
19-Jan-12,
20-Jan-12,
21-Jan-12,
22-Jan-12,
23-Jan-12,
24-Jan-12,
25-Jan-12,
26-Jan-12,
27-Jan-12,
28-Jan-12,
29-Jan-12,
30-Jan-12,
31-Jan-12,
1-Feb-12,
2-Feb-12,
3-Feb-12,
4-Feb-12,
5-Feb-12,
6-Feb-12,
7-Feb-12,
8-Feb-12,
9-Feb-12,
10-Feb-12,
11-Feb-12,
12-Feb-12,
13-Feb-12,
14-Feb-12,
15-Feb-12,
16-Feb-12,
17-Feb-12,
18-Feb-12,
19-Feb-12,
20-Feb-12,
21-Feb-12,
22-Feb-12,
23-Feb-12,
24-Feb-12,
25-Feb-12,
26-Feb-12,
27-Feb-12,
28-Feb-12,
29-Feb-12,
1-Mar-12,
2-Mar-12,
3-Mar-12,
4-Mar-12,
5-Mar-12,
6-Mar-12,
7-Mar-12,
8-Mar-12,
9-Mar-12,
10-Mar-12,
11-Mar-12,
12-Mar-12,
13-Mar-12,
14-Mar-12,
15-Mar-12,
16-Mar-12,
17-Mar-12,
18-Mar-12,
19-Mar-12,
20-Mar-12,
21-Mar-12,
22-Mar-12,
23-Mar-12,
24-Mar-12,
25-Mar-12,
26-Mar-12,
27-Mar-12,
28-Mar-12,
29-Mar-12,
30-Mar-12,
31-Mar-12,
1-Apr-12,
2-Apr-12,
3-Apr-12,
4-Apr-12,
5-Apr-12,
6-Apr-12,
7-Apr-12,
8-Apr-12,
9-Apr-12,
10-Apr-12,
11-Apr-12,
12-Apr-12,
13-Apr-12,
14-Apr-12,
15-Apr-12,
16-Apr-12,
17-Apr-12,
18-Apr-12,
19-Apr-12,
20-Apr-12,
21-Apr-12,
22-Apr-12,
23-Apr-12,
24-Apr-12,
25-Apr-12,
26-Apr-12,
27-Apr-12,
28-Apr-12,
29-Apr-12,
30-Apr-12,
1-May-12,
2-May-12,
3-May-12,
4-May-12,
5-May-12,
6-May-12,
7-May-12,
8-May-12,
9-May-12,
10-May-12,
11-May-12,
12-May-12,
13-May-12,
14-May-12,
15-May-12,
16-May-12,
17-May-12,
18-May-12,
19-May-12,
20-May-12,
21-May-12,
22-May-12,
23-May-12,
24-May-12,
25-May-12,
26-May-12,
27-May-12,
28-May-12,
29-May-12,
30-May-12,
31-May-12,
1-Jun-12,
2-Jun-12,
3-Jun-12,
4-Jun-12,
5-Jun-12,
6-Jun-12,
7-Jun-12,
8-Jun-12,
9-Jun-12,
10-Jun-12,
11-Jun-12,
12-Jun-12,
13-Jun-12,
14-Jun-12,
15-Jun-12,
16-Jun-12,
17-Jun-12,
18-Jun-12,
19-Jun-12,
20-Jun-12,
21-Jun-12,
22-Jun-12,
23-Jun-12,
24-Jun-12,
25-Jun-12,
26-Jun-12,
27-Jun-12,
28-Jun-12,
29-Jun-12,
30-Jun-12,
1-Jul-12,
2-Jul-12,
3-Jul-12,
4-Jul-12,
5-Jul-12,
6-Jul-12,
7-Jul-12,
8-Jul-12,
9-Jul-12,
10-Jul-12,
11-Jul-12,
12-Jul-12,
13-Jul-12,
14-Jul-12,
15-Jul-12,
16-Jul-12,
17-Jul-12,
18-Jul-12,
19-Jul-12,
20-Jul-12,
21-Jul-12,
22-Jul-12,
23-Jul-12,
24-Jul-12,
25-Jul-12,
26-Jul-12,
27-Jul-12,
28-Jul-12,
29-Jul-12,
30-Jul-12,
31-Jul-12,
1-Aug-12,
2-Aug-12,
3-Aug-12,
4-Aug-12,
5-Aug-12,
6-Aug-12,
7-Aug-12,
8-Aug-12,
9-Aug-12,
10-Aug-12,
11-Aug-12,
12-Aug-12,
13-Aug-12,
14-Aug-12,
15-Aug-12,
16-Aug-12,
17-Aug-12,
18-Aug-12,
19-Aug-12,
20-Aug-12,
21-Aug-12,
22-Aug-12,
23-Aug-12,
24-Aug-12,
25-Aug-12,
26-Aug-12,
27-Aug-12,
28-Aug-12,
29-Aug-12,
30-Aug-12,
31-Aug-12,
1-Sep-12,
2-Sep-12,
3-Sep-12,
4-Sep-12,
5-Sep-12,
6-Sep-12,
7-Sep-12,
8-Sep-12,
9-Sep-12,
10-Sep-12,
11-Sep-12,
12-Sep-12,
13-Sep-12,
14-Sep-12,
15-Sep-12,
16-Sep-12,
17-Sep-12,
18-Sep-12,
19-Sep-12,
20-Sep-12,
21-Sep-12,
22-Sep-12,
23-Sep-12,
24-Sep-12,
25-Sep-12,
26-Sep-12,
27-Sep-12,
28-Sep-12,
29-Sep-12,
30-Sep-12,
1-Oct-12,
2-Oct-12,
3-Oct-12,
4-Oct-12,
5-Oct-12,
6-Oct-12,
7-Oct-12,
8-Oct-12,
9-Oct-12,
10-Oct-12,
11-Oct-12,
12-Oct-12,
13-Oct-12,
14-Oct-12,
15-Oct-12,
16-Oct-12,
17-Oct-12,
18-Oct-12,
19-Oct-12,
20-Oct-12,
21-Oct-12,
22-Oct-12,
23-Oct-12,
24-Oct-12,
25-Oct-12,
26-Oct-12,
27-Oct-12,
28-Oct-12,
29-Oct-12,
30-Oct-12,
31-Oct-12,
1-Nov-12,
2-Nov-12,
3-Nov-12,
4-Nov-12,
5-Nov-12,
6-Nov-12,
7-Nov-12,
8-Nov-12,
9-Nov-12,
10-Nov-12,
11-Nov-12,
12-Nov-12,
13-Nov-12,
14-Nov-12,
15-Nov-12,
16-Nov-12,
17-Nov-12,
18-Nov-12,
19-Nov-12,
20-Nov-12,
21-Nov-12,
22-Nov-12,
23-Nov-12,
24-Nov-12,
25-Nov-12,
26-Nov-12,
27-Nov-12,
28-Nov-12,
29-Nov-12,
30-Nov-12,
1-Dec-12,
2-Dec-12,
3-Dec-12,
4-Dec-12,
5-Dec-12,
6-Dec-12,
7-Dec-12,
8-Dec-12,
9-Dec-12,
10-Dec-12,
11-Dec-12,
12-Dec-12,
13-Dec-12,
14-Dec-12,
15-Dec-12,
16-Dec-12,
17-Dec-12,
18-Dec-12,
19-Dec-12,
20-Dec-12,
21-Dec-12,
22-Dec-12,
23-Dec-12,
24-Dec-12,
25-Dec-12,
26-Dec-12,
27-Dec-12,
28-Dec-12,
29-Dec-12,
30-Dec-12,
31-Dec-12,
1-Jan-13,
2-Jan-13,
3-Jan-13,
4-Jan-13,
5-Jan-13,
6-Jan-13,
7-Jan-13,
8-Jan-13,
9-Jan-13,
10-Jan-13,
11-Jan-13,
12-Jan-13,
13-Jan-13,
14-Jan-13,
15-Jan-13,
16-Jan-13,
17-Jan-13,
18-Jan-13,
19-Jan-13,
20-Jan-13,
21-Jan-13,
22-Jan-13,
23-Jan-13,
24-Jan-13,
25-Jan-13,
26-Jan-13,
27-Jan-13,
28-Jan-13,
29-Jan-13,
30-Jan-13,
31-Jan-13,
1-Feb-13,
2-Feb-13,
3-Feb-13,
4-Feb-13,
5-Feb-13,
6-Feb-13,
7-Feb-13,
8-Feb-13,
9-Feb-13,
10-Feb-13,
11-Feb-13,
12-Feb-13,
13-Feb-13,
14-Feb-13,
15-Feb-13,
16-Feb-13,
17-Feb-13,
18-Feb-13,
19-Feb-13,
20-Feb-13,
21-Feb-13,
22-Feb-13,
23-Feb-13,
24-Feb-13,
25-Feb-13,
26-Feb-13,
27-Feb-13,
28-Feb-13,
1-Mar-13,
2-Mar-13,
3-Mar-13,
4-Mar-13,
5-Mar-13,
6-Mar-13,
7-Mar-13,
8-Mar-13,
9-Mar-13,
10-Mar-13,
11-Mar-13,
12-Mar-13,
13-Mar-13,
14-Mar-13,
15-Mar-13,
16-Mar-13,
17-Mar-13,
18-Mar-13,
19-Mar-13,
20-Mar-13,
21-Mar-13,
22-Mar-13,
23-Mar-13,
24-Mar-13,
25-Mar-13,
26-Mar-13,
27-Mar-13,
28-Mar-13,
29-Mar-13,
30-Mar-13,
31-Mar-13,
1-Apr-13,
2-Apr-13,
3-Apr-13,
4-Apr-13,
5-Apr-13,
6-Apr-13,
7-Apr-13,
8-Apr-13,
9-Apr-13,
10-Apr-13,
11-Apr-13,
12-Apr-13,
13-Apr-13,
14-Apr-13,
15-Apr-13,
16-Apr-13,
17-Apr-13,
18-Apr-13,
19-Apr-13,
20-Apr-13,
21-Apr-13,
22-Apr-13,
23-Apr-13,
24-Apr-13,
25-Apr-13,
26-Apr-13,
27-Apr-13,
28-Apr-13,
29-Apr-13,
30-Apr-13,
1-May-13,
2-May-13,
3-May-13,
4-May-13,
5-May-13,
6-May-13,
7-May-13,
8-May-13,
9-May-13,
10-May-13,
11-May-13,
12-May-13,
13-May-13,
14-May-13,
15-May-13,
16-May-13,
17-May-13,
18-May-13,
19-May-13,
20-May-13,
21-May-13,
22-May-13,
23-May-13,
24-May-13,
25-May-13,
26-May-13,
27-May-13,
28-May-13,
29-May-13,
30-May-13,
31-May-13,
1-Jun-13,
2-Jun-13,
3-Jun-13,
4-Jun-13,
5-Jun-13,
6-Jun-13,
7-Jun-13,
8-Jun-13,
9-Jun-13,
10-Jun-13,
11-Jun-13,
12-Jun-13,
13-Jun-13,
14-Jun-13,
15-Jun-13,
16-Jun-13,
17-Jun-13,
18-Jun-13,
19-Jun-13,
20-Jun-13,
21-Jun-13,
22-Jun-13,
23-Jun-13,
24-Jun-13,
25-Jun-13,
26-Jun-13,
27-Jun-13,
28-Jun-13,
29-Jun-13,
30-Jun-13,
1-Jul-13,
2-Jul-13,
3-Jul-13,
4-Jul-13,
5-Jul-13,
6-Jul-13,
7-Jul-13,
8-Jul-13,
9-Jul-13,
10-Jul-13,
11-Jul-13,
12-Jul-13,
13-Jul-13,
14-Jul-13,
15-Jul-13,
16-Jul-13,
17-Jul-13,
18-Jul-13,
19-Jul-13,
20-Jul-13,
21-Jul-13,
22-Jul-13,
23-Jul-13,
24-Jul-13,
25-Jul-13,
26-Jul-13,
27-Jul-13,
28-Jul-13,
29-Jul-13,
30-Jul-13,
31-Jul-13,
1-Aug-13,
2-Aug-13,
3-Aug-13,
4-Aug-13,
5-Aug-13,
6-Aug-13,
7-Aug-13,
8-Aug-13,
9-Aug-13,
10-Aug-13,
11-Aug-13,
12-Aug-13,
13-Aug-13,
14-Aug-13,
15-Aug-13,
16-Aug-13,
17-Aug-13,
18-Aug-13,
19-Aug-13,
20-Aug-13,
21-Aug-13,
22-Aug-13,
23-Aug-13,
24-Aug-13,
25-Aug-13,
26-Aug-13,
27-Aug-13,
28-Aug-13,
29-Aug-13,
30-Aug-13,
31-Aug-13,
1-Sep-13,
2-Sep-13,
3-Sep-13,
4-Sep-13,
5-Sep-13,
6-Sep-13,
7-Sep-13,
8-Sep-13,
9-Sep-13,
10-Sep-13,
11-Sep-13,
12-Sep-13,
13-Sep-13,
14-Sep-13,
15-Sep-13,
16-Sep-13,
17-Sep-13,
18-Sep-13,
19-Sep-13,
20-Sep-13,
21-Sep-13,
22-Sep-13,
23-Sep-13,
24-Sep-13,
25-Sep-13,
26-Sep-13,
27-Sep-13,
28-Sep-13,
29-Sep-13,
30-Sep-13,
1-Oct-13,
2-Oct-13,
3-Oct-13,
4-Oct-13,
5-Oct-13,
6-Oct-13,
7-Oct-13,
8-Oct-13,
9-Oct-13,
10-Oct-13,
11-Oct-13,
12-Oct-13,
13-Oct-13,
14-Oct-13,
15-Oct-13,
16-Oct-13,
17-Oct-13,
18-Oct-13,
19-Oct-13,
20-Oct-13,
21-Oct-13,
22-Oct-13,
23-Oct-13,
24-Oct-13,
25-Oct-13,
26-Oct-13,
27-Oct-13,
28-Oct-13,
29-Oct-13,
30-Oct-13,
31-Oct-13,
1-Nov-13,
2-Nov-13,
3-Nov-13,
4-Nov-13,
5-Nov-13,
6-Nov-13,
7-Nov-13,
8-Nov-13,
9-Nov-13,
10-Nov-13,
11-Nov-13,
12-Nov-13,
13-Nov-13,
14-Nov-13,
15-Nov-13,
16-Nov-13,
17-Nov-13,
18-Nov-13,
19-Nov-13,
20-Nov-13,
21-Nov-13,
22-Nov-13,
23-Nov-13,
24-Nov-13,
25-Nov-13,
26-Nov-13,
27-Nov-13,
28-Nov-13,
29-Nov-13,
30-Nov-13,
1-Dec-13,
2-Dec-13,
3-Dec-13,
4-Dec-13,
5-Dec-13,
6-Dec-13,
7-Dec-13,
8-Dec-13,
9-Dec-13,
10-Dec-13,
11-Dec-13,
12-Dec-13,
13-Dec-13,
14-Dec-13,
15-Dec-13,
16-Dec-13,
17-Dec-13,
18-Dec-13,
19-Dec-13,
20-Dec-13,
21-Dec-13,
22-Dec-13,
23-Dec-13,
24-Dec-13,
25-Dec-13,
26-Dec-13,
27-Dec-13,
28-Dec-13,
29-Dec-13,
30-Dec-13,
31-Dec-13,
1-Jan-14,
2-Jan-14,
3-Jan-14,
4-Jan-14,
5-Jan-14,
6-Jan-14,
7-Jan-14,
8-Jan-14,
9-Jan-14,
10-Jan-14,
11-Jan-14,
12-Jan-14,
13-Jan-14,
14-Jan-14,
15-Jan-14,
16-Jan-14,
17-Jan-14,
18-Jan-14,
19-Jan-14,
20-Jan-14,
21-Jan-14,
22-Jan-14,
23-Jan-14,
24-Jan-14,
25-Jan-14,
26-Jan-14,
27-Jan-14,
28-Jan-14,
29-Jan-14,
30-Jan-14,
31-Jan-14,
1-Feb-14,
2-Feb-14,
3-Feb-14,
4-Feb-14,
5-Feb-14,
6-Feb-14,
7-Feb-14,
8-Feb-14,
9-Feb-14,
10-Feb-14,
11-Feb-14,
12-Feb-14,
13-Feb-14,
14-Feb-14,
15-Feb-14,
16-Feb-14,
17-Feb-14,
18-Feb-14,
19-Feb-14,
20-Feb-14,
21-Feb-14,
22-Feb-14,
23-Feb-14,
24-Feb-14,
25-Feb-14,
26-Feb-14,
27-Feb-14,
28-Feb-14,
1-Mar-14,
2-Mar-14,
3-Mar-14,
4-Mar-14,
5-Mar-14,
6-Mar-14,
7-Mar-14,
8-Mar-14,
9-Mar-14,
10-Mar-14,
11-Mar-14,
12-Mar-14,
13-Mar-14,
14-Mar-14,
15-Mar-14,
16-Mar-14,
17-Mar-14,
18-Mar-14,
19-Mar-14,
20-Mar-14,
21-Mar-14,
22-Mar-14,
23-Mar-14,
24-Mar-14,
25-Mar-14,
26-Mar-14,
27-Mar-14,
28-Mar-14,
29-Mar-14,
30-Mar-14,
31-Mar-14,
1-Apr-14,
2-Apr-14,
3-Apr-14,
4-Apr-14,
5-Apr-14,
6-Apr-14,
7-Apr-14,
8-Apr-14,
9-Apr-14,
10-Apr-14,
11-Apr-14,
12-Apr-14,
13-Apr-14,
14-Apr-14,
15-Apr-14,
16-Apr-14,
17-Apr-14,
18-Apr-14,
19-Apr-14,
20-Apr-14,
21-Apr-14,
22-Apr-14,
23-Apr-14,
24-Apr-14,
25-Apr-14,
26-Apr-14,
27-Apr-14,
28-Apr-14,
29-Apr-14,
30-Apr-14,
1-May-14,
2-May-14,
3-May-14,
4-May-14,
5-May-14,
6-May-14,
7-May-14,
8-May-14,
9-May-14,
10-May-14,
11-May-14,
12-May-14,
13-May-14,
14-May-14,
15-May-14,
16-May-14,
17-May-14,
18-May-14,
19-May-14,
20-May-14,
21-May-14,
22-May-14,
23-May-14,
24-May-14,
25-May-14,
26-May-14,
27-May-14,
28-May-14,
29-May-14,
30-May-14,
31-May-14,
1-Jun-14,
2-Jun-14,
3-Jun-14,
4-Jun-14,
5-Jun-14,
6-Jun-14,
7-Jun-14,
8-Jun-14,
9-Jun-14,
10-Jun-14,
11-Jun-14,
12-Jun-14,
13-Jun-14,
14-Jun-14,
15-Jun-14,
16-Jun-14,
17-Jun-14,
18-Jun-14,
19-Jun-14,
20-Jun-14,
21-Jun-14,
22-Jun-14,
23-Jun-14,
24-Jun-14,
25-Jun-14,
26-Jun-14,
27-Jun-14,
28-Jun-14,
29-Jun-14,
30-Jun-14,
1-Jul-14,
2-Jul-14,
3-Jul-14,
4-Jul-14,
5-Jul-14,
6-Jul-14,
7-Jul-14,
8-Jul-14,
9-Jul-14,
10-Jul-14,
11-Jul-14,
12-Jul-14,
13-Jul-14,
14-Jul-14,
15-Jul-14,
16-Jul-14,
17-Jul-14,
18-Jul-14,
19-Jul-14,
20-Jul-14,
21-Jul-14,
22-Jul-14,
23-Jul-14,
24-Jul-14,
25-Jul-14,
26-Jul-14,
27-Jul-14,
28-Jul-14,
29-Jul-14,
30-Jul-14,
31-Jul-14,
1-Aug-14,
2-Aug-14,
3-Aug-14,
4-Aug-14,
5-Aug-14,
6-Aug-14,
7-Aug-14,
8-Aug-14,
9-Aug-14,
10-Aug-14,
11-Aug-14,
12-Aug-14,
13-Aug-14,
14-Aug-14,
15-Aug-14,
16-Aug-14,
17-Aug-14,
18-Aug-14,
19-Aug-14,
20-Aug-14,
21-Aug-14,
22-Aug-14,
23-Aug-14,
24-Aug-14,
25-Aug-14,
26-Aug-14,
27-Aug-14,
28-Aug-14,
29-Aug-14,
30-Aug-14,
31-Aug-14,
1-Sep-14,
2-Sep-14,
3-Sep-14,
4-Sep-14,
5-Sep-14,
6-Sep-14,
7-Sep-14,
8-Sep-14,
9-Sep-14,
10-Sep-14,
11-Sep-14,
12-Sep-14,
13-Sep-14,
14-Sep-14,
15-Sep-14,
16-Sep-14,
17-Sep-14,
18-Sep-14,
19-Sep-14,
20-Sep-14,
21-Sep-14,
22-Sep-14,
23-Sep-14,
24-Sep-14,
25-Sep-14,
26-Sep-14,
27-Sep-14,
28-Sep-14,
29-Sep-14,
30-Sep-14,
1-Oct-14,
2-Oct-14,
3-Oct-14,
4-Oct-14,
5-Oct-14,
6-Oct-14,
7-Oct-14,
8-Oct-14,
9-Oct-14,
10-Oct-14,
11-Oct-14,
12-Oct-14,
13-Oct-14,
14-Oct-14,
15-Oct-14,
16-Oct-14,
17-Oct-14,
18-Oct-14,
19-Oct-14,
20-Oct-14,
21-Oct-14,
22-Oct-14,
23-Oct-14,
24-Oct-14,
25-Oct-14,
26-Oct-14,
27-Oct-14,
28-Oct-14,
29-Oct-14,
30-Oct-14,
31-Oct-14,
1-Nov-14,
2-Nov-14,
3-Nov-14,
4-Nov-14,
5-Nov-14,
6-Nov-14,
7-Nov-14,
8-Nov-14,
9-Nov-14,
10-Nov-14,
11-Nov-14,
12-Nov-14,
13-Nov-14,
14-Nov-14,
15-Nov-14,
16-Nov-14,
17-Nov-14,
18-Nov-14,
19-Nov-14,
20-Nov-14,
21-Nov-14,
22-Nov-14,
23-Nov-14,
24-Nov-14,
25-Nov-14,
26-Nov-14,
27-Nov-14,
28-Nov-14,
29-Nov-14,
30-Nov-14,
1-Dec-14,
2-Dec-14,
3-Dec-14,
4-Dec-14,
5-Dec-14,
6-Dec-14,
7-Dec-14,
8-Dec-14,
9-Dec-14,
10-Dec-14,
11-Dec-14,
12-Dec-14,
13-Dec-14,
14-Dec-14,
15-Dec-14,
16-Dec-14,
17-Dec-14,
18-Dec-14,
19-Dec-14,
20-Dec-14,
21-Dec-14,
22-Dec-14,
23-Dec-14,
24-Dec-14,
25-Dec-14,
26-Dec-14,
27-Dec-14,
28-Dec-14,
29-Dec-14,
30-Dec-14,
31-Dec-14,
1-Jan-15,
2-Jan-15,
3-Jan-15,
4-Jan-15,
5-Jan-15,
6-Jan-15,
7-Jan-15,
8-Jan-15,
9-Jan-15,
10-Jan-15,
11-Jan-15,
12-Jan-15,
13-Jan-15,
14-Jan-15,
15-Jan-15,
16-Jan-15,
17-Jan-15,
18-Jan-15,
19-Jan-15,
20-Jan-15,
21-Jan-15,
22-Jan-15,
23-Jan-15,
24-Jan-15,
25-Jan-15,
26-Jan-15,
27-Jan-15,
28-Jan-15,
29-Jan-15,
30-Jan-15,
31-Jan-15,
1-Feb-15,
2-Feb-15,
3-Feb-15,
4-Feb-15,
5-Feb-15,
6-Feb-15,
7-Feb-15,
8-Feb-15,
9-Feb-15,
10-Feb-15,
11-Feb-15,
12-Feb-15,
13-Feb-15,
14-Feb-15,
15-Feb-15,
16-Feb-15,
17-Feb-15,
18-Feb-15,
19-Feb-15,
20-Feb-15,
21-Feb-15,
22-Feb-15,
23-Feb-15,
24-Feb-15,
25-Feb-15,
26-Feb-15,
27-Feb-15,
28-Feb-15,
1-Mar-15,
2-Mar-15,
3-Mar-15,
4-Mar-15,
5-Mar-15,
6-Mar-15,
7-Mar-15,
8-Mar-15,
9-Mar-15,
10-Mar-15,
11-Mar-15,
12-Mar-15,
13-Mar-15,
14-Mar-15,
15-Mar-15,
16-Mar-15,
17-Mar-15,
18-Mar-15,
19-Mar-15,
20-Mar-15,
21-Mar-15,
22-Mar-15,
23-Mar-15,
24-Mar-15,
25-Mar-15,
26-Mar-15,
27-Mar-15,
28-Mar-15,
29-Mar-15,
30-Mar-15,
31-Mar-15,
1-Apr-15,
2-Apr-15,
3-Apr-15,
4-Apr-15,
5-Apr-15,
6-Apr-15,
7-Apr-15,
8-Apr-15,
9-Apr-15,
10-Apr-15,
11-Apr-15,
12-Apr-15,
13-Apr-15,
14-Apr-15,
15-Apr-15,
16-Apr-15,
17-Apr-15,
18-Apr-15,
19-Apr-15,
20-Apr-15,
21-Apr-15,
22-Apr-15,
23-Apr-15,
24-Apr-15,
25-Apr-15,
26-Apr-15,
27-Apr-15,
28-Apr-15,
29-Apr-15,
30-Apr-15,
1-May-15,
2-May-15,
3-May-15,
4-May-15,
5-May-15,
6-May-15,
7-May-15,
8-May-15,
9-May-15,
10-May-15,
11-May-15,
12-May-15,
13-May-15,
14-May-15,
15-May-15,
16-May-15,
17-May-15,
18-May-15,
19-May-15,
20-May-15,
21-May-15,
22-May-15,
23-May-15,
24-May-15,
25-May-15,
26-May-15,
27-May-15,
28-May-15,
29-May-15,
30-May-15,
31-May-15,
1-Jun-15,
2-Jun-15,
3-Jun-15,
4-Jun-15,
5-Jun-15,
6-Jun-15,
7-Jun-15,
8-Jun-15,
9-Jun-15,
10-Jun-15,
11-Jun-15,
12-Jun-15,
13-Jun-15,
14-Jun-15,
15-Jun-15,
16-Jun-15,
17-Jun-15,
18-Jun-15,
19-Jun-15,
20-Jun-15,
21-Jun-15,
22-Jun-15,
23-Jun-15,
24-Jun-15,
25-Jun-15,
26-Jun-15,
27-Jun-15,
28-Jun-15,
29-Jun-15,
30-Jun-15,
1-Jul-15,
2-Jul-15,
3-Jul-15,
4-Jul-15,
5-Jul-15,
6-Jul-15,
7-Jul-15,
8-Jul-15,
9-Jul-15,
10-Jul-15,
11-Jul-15,
12-Jul-15,
13-Jul-15,
14-Jul-15,
15-Jul-15,
16-Jul-15,
17-Jul-15,
18-Jul-15,
19-Jul-15,
20-Jul-15,
21-Jul-15,
22-Jul-15,
23-Jul-15,
24-Jul-15,
25-Jul-15,
26-Jul-15,
27-Jul-15,
28-Jul-15,
29-Jul-15,
30-Jul-15,
31-Jul-15,
1-Aug-15,
2-Aug-15,
3-Aug-15,
4-Aug-15,
5-Aug-15,
6-Aug-15,
7-Aug-15,
8-Aug-15,
9-Aug-15,
10-Aug-15,
11-Aug-15,
12-Aug-15,
13-Aug-15,
14-Aug-15,
15-Aug-15,
16-Aug-15,
17-Aug-15,
18-Aug-15,
19-Aug-15,
20-Aug-15,
21-Aug-15,
22-Aug-15,
23-Aug-15,
24-Aug-15,
25-Aug-15,
26-Aug-15,
27-Aug-15,
28-Aug-15,
29-Aug-15,
30-Aug-15,
31-Aug-15,
1-Sep-15,
2-Sep-15,
3-Sep-15,
4-Sep-15,
5-Sep-15,
6-Sep-15,
7-Sep-15,
8-Sep-15,
9-Sep-15,
10-Sep-15,
11-Sep-15,
12-Sep-15,
13-Sep-15,
14-Sep-15,
15-Sep-15,
16-Sep-15,
17-Sep-15,
18-Sep-15,
19-Sep-15,
20-Sep-15,
21-Sep-15,
22-Sep-15,
23-Sep-15,
24-Sep-15,
25-Sep-15,
26-Sep-15,
27-Sep-15,
28-Sep-15,
29-Sep-15,
30-Sep-15,
1-Oct-15,
2-Oct-15,
3-Oct-15,
4-Oct-15,
5-Oct-15,
6-Oct-15,
7-Oct-15,
8-Oct-15,
9-Oct-15,
10-Oct-15,
11-Oct-15,
12-Oct-15,
13-Oct-15,
14-Oct-15,
15-Oct-15,
16-Oct-15,
17-Oct-15,
18-Oct-15,
19-Oct-15,
20-Oct-15,
21-Oct-15,
22-Oct-15,
23-Oct-15,
24-Oct-15,
25-Oct-15,
26-Oct-15,
27-Oct-15,
28-Oct-15,
29-Oct-15,
30-Oct-15,
31-Oct-15,
1-Nov-15,
2-Nov-15,
3-Nov-15,
4-Nov-15,
5-Nov-15,
6-Nov-15,
7-Nov-15,
8-Nov-15,
9-Nov-15,
10-Nov-15,
11-Nov-15,
12-Nov-15,
13-Nov-15,
14-Nov-15,
15-Nov-15,
16-Nov-15,
17-Nov-15,
18-Nov-15,
19-Nov-15,
20-Nov-15,
21-Nov-15,
22-Nov-15,
23-Nov-15,
24-Nov-15,
25-Nov-15,
26-Nov-15,
27-Nov-15,
28-Nov-15,
29-Nov-15,
30-Nov-15,
1-Dec-15,
2-Dec-15,
3-Dec-15,
4-Dec-15,
5-Dec-15,
6-Dec-15,
7-Dec-15,
8-Dec-15,
9-Dec-15,
10-Dec-15,
11-Dec-15,
12-Dec-15,
13-Dec-15,
14-Dec-15,
15-Dec-15,
16-Dec-15,
17-Dec-15,
18-Dec-15,
19-Dec-15,
20-Dec-15,
21-Dec-15,
22-Dec-15,
23-Dec-15,
24-Dec-15,
25-Dec-15,
26-Dec-15,
27-Dec-15,
28-Dec-15,
29-Dec-15,
30-Dec-15,
31-Dec-15,
1-Jan-16,
2-Jan-16,
3-Jan-16,
4-Jan-16,
5-Jan-16,
6-Jan-16,
7-Jan-16,
8-Jan-16,
9-Jan-16,
10-Jan-16,
11-Jan-16,
12-Jan-16,
13-Jan-16,
14-Jan-16,
15-Jan-16,
16-Jan-16,
17-Jan-16,
18-Jan-16,
19-Jan-16,
20-Jan-16,
21-Jan-16,
22-Jan-16,
23-Jan-16,
24-Jan-16,
25-Jan-16,
26-Jan-16,
27-Jan-16,
28-Jan-16,
29-Jan-16,
30-Jan-16,
31-Jan-16,
1-Feb-16,
2-Feb-16,
3-Feb-16,
4-Feb-16,
5-Feb-16,
6-Feb-16,
7-Feb-16,
8-Feb-16,
9-Feb-16,
10-Feb-16,
11-Feb-16,
12-Feb-16,
13-Feb-16,
14-Feb-16,
15-Feb-16,
16-Feb-16,
17-Feb-16,
18-Feb-16,
19-Feb-16,
20-Feb-16,
21-Feb-16,
22-Feb-16,
23-Feb-16,
24-Feb-16,
25-Feb-16,
26-Feb-16,
27-Feb-16,
28-Feb-16,
29-Feb-16,
1-Mar-16,
2-Mar-16,
3-Mar-16,
4-Mar-16,
5-Mar-16,
6-Mar-16,
7-Mar-16,
8-Mar-16,
9-Mar-16,
10-Mar-16,
11-Mar-16,
12-Mar-16,
13-Mar-16,
14-Mar-16,
15-Mar-16,
16-Mar-16,
17-Mar-16,
18-Mar-16,
19-Mar-16,
20-Mar-16,
21-Mar-16,
22-Mar-16,
23-Mar-16,
24-Mar-16,
25-Mar-16,
26-Mar-16,
27-Mar-16,
28-Mar-16,
29-Mar-16,
30-Mar-16,
31-Mar-16,
1-Apr-16,
2-Apr-16,
3-Apr-16,
4-Apr-16,
5-Apr-16,
6-Apr-16,
7-Apr-16,
8-Apr-16,
9-Apr-16,
10-Apr-16,
11-Apr-16,
12-Apr-16,
13-Apr-16,
14-Apr-16,
15-Apr-16,
16-Apr-16,
17-Apr-16,
18-Apr-16,
19-Apr-16,
20-Apr-16,
21-Apr-16,
22-Apr-16,
23-Apr-16,
24-Apr-16,
25-Apr-16,
26-Apr-16,
27-Apr-16,
28-Apr-16,
29-Apr-16,
30-Apr-16,
1-May-16,
2-May-16,
3-May-16,
4-May-16,
5-May-16,
6-May-16,
7-May-16,
8-May-16,
9-May-16,
10-May-16,
11-May-16,
12-May-16,
13-May-16,
14-May-16,
15-May-16,
16-May-16,
17-May-16,
18-May-16,
19-May-16,
20-May-16,
21-May-16,
22-May-16,
23-May-16,
24-May-16,
25-May-16,
26-May-16,
27-May-16,
28-May-16,
29-May-16,
30-May-16,
31-May-16,
1-Jun-16,
2-Jun-16,
3-Jun-16,
4-Jun-16,
5-Jun-16,
6-Jun-16,
7-Jun-16,
8-Jun-16,
9-Jun-16,
10-Jun-16,
11-Jun-16,
12-Jun-16,
13-Jun-16,
14-Jun-16,
15-Jun-16,
16-Jun-16,
17-Jun-16,
18-Jun-16,
19-Jun-16,
20-Jun-16,
21-Jun-16,
22-Jun-16,
23-Jun-16,
24-Jun-16,
25-Jun-16,
26-Jun-16,
27-Jun-16,
28-Jun-16,
29-Jun-16,
30-Jun-16,
1-Jul-16,
2-Jul-16,
3-Jul-16,
4-Jul-16,
5-Jul-16,
6-Jul-16,
7-Jul-16,
8-Jul-16,
9-Jul-16,
10-Jul-16,
11-Jul-16,
12-Jul-16,
13-Jul-16,
14-Jul-16,
15-Jul-16,
16-Jul-16,
17-Jul-16,
18-Jul-16,
19-Jul-16,
20-Jul-16,
21-Jul-16,
22-Jul-16,
23-Jul-16,
24-Jul-16,
25-Jul-16,
26-Jul-16,
27-Jul-16,
28-Jul-16,
29-Jul-16,
30-Jul-16,
31-Jul-16,
1-Aug-16,
2-Aug-16,
3-Aug-16,
4-Aug-16,
5-Aug-16,
6-Aug-16,
7-Aug-16,
8-Aug-16,
9-Aug-16,
10-Aug-16,
11-Aug-16,
12-Aug-16,
13-Aug-16,
14-Aug-16,
15-Aug-16,
16-Aug-16,
17-Aug-16,
18-Aug-16,
19-Aug-16,
20-Aug-16,
21-Aug-16,
22-Aug-16,
23-Aug-16,
24-Aug-16,
25-Aug-16,
26-Aug-16,
27-Aug-16,
28-Aug-16,
29-Aug-16,
30-Aug-16,
31-Aug-16,
1-Sep-16,
2-Sep-16,
3-Sep-16,
4-Sep-16,
5-Sep-16,
6-Sep-16,
7-Sep-16,
8-Sep-16,
9-Sep-16,
10-Sep-16,
11-Sep-16,
12-Sep-16,
13-Sep-16,
14-Sep-16,
15-Sep-16,
16-Sep-16,
17-Sep-16,
18-Sep-16,
19-Sep-16,
20-Sep-16,
21-Sep-16,
22-Sep-16,
23-Sep-16,
24-Sep-16,
25-Sep-16,
26-Sep-16,
27-Sep-16,
28-Sep-16,
29-Sep-16,
30-Sep-16,
1-Oct-16,
2-Oct-16,
3-Oct-16,
4-Oct-16,
5-Oct-16,
6-Oct-16,
7-Oct-16,
8-Oct-16,
9-Oct-16,
10-Oct-16,
11-Oct-16,
12-Oct-16,
13-Oct-16,
14-Oct-16,
15-Oct-16,
16-Oct-16,
17-Oct-16,
18-Oct-16,
19-Oct-16,
20-Oct-16,
21-Oct-16,
22-Oct-16,
23-Oct-16,
24-Oct-16,
25-Oct-16,
26-Oct-16,
27-Oct-16,
28-Oct-16,
29-Oct-16,
30-Oct-16,
31-Oct-16,
1-Nov-16,
2-Nov-16,
3-Nov-16,
4-Nov-16,
5-Nov-16,
6-Nov-16,
7-Nov-16,
8-Nov-16,
9-Nov-16,
10-Nov-16,
11-Nov-16,
12-Nov-16,
13-Nov-16,
14-Nov-16,
15-Nov-16,
16-Nov-16,
17-Nov-16,
18-Nov-16,
19-Nov-16,
20-Nov-16,
21-Nov-16,
22-Nov-16,
23-Nov-16,
24-Nov-16,
25-Nov-16,
26-Nov-16,
27-Nov-16,
28-Nov-16,
29-Nov-16,
30-Nov-16,
1-Dec-16,
2-Dec-16,
3-Dec-16,
4-Dec-16,
5-Dec-16,
6-Dec-16,
7-Dec-16,
8-Dec-16,
9-Dec-16,
10-Dec-16,
11-Dec-16,
12-Dec-16,
13-Dec-16,
14-Dec-16,
15-Dec-16,
16-Dec-16,
17-Dec-16,
18-Dec-16,
19-Dec-16,
20-Dec-16,
21-Dec-16,
22-Dec-16,
23-Dec-16,
24-Dec-16,
25-Dec-16,
26-Dec-16,
27-Dec-16,
28-Dec-16,
29-Dec-16,
30-Dec-16,
31-Dec-16,
1-Jan-17,
2-Jan-17,
3-Jan-17,
4-Jan-17,
5-Jan-17,
6-Jan-17,
7-Jan-17,
8-Jan-17,
9-Jan-17,
10-Jan-17,
11-Jan-17,
12-Jan-17,
13-Jan-17,
14-Jan-17,
15-Jan-17,
16-Jan-17,
17-Jan-17,
18-Jan-17,
19-Jan-17,
20-Jan-17,
21-Jan-17,
22-Jan-17,
23-Jan-17,
24-Jan-17,
25-Jan-17,
26-Jan-17,
27-Jan-17,
28-Jan-17,
29-Jan-17,
30-Jan-17,
31-Jan-17,
1-Feb-17,
2-Feb-17,
3-Feb-17,
4-Feb-17,
5-Feb-17,
6-Feb-17,
7-Feb-17,
8-Feb-17,
9-Feb-17,
10-Feb-17,
11-Feb-17,
12-Feb-17,
13-Feb-17,
14-Feb-17,
15-Feb-17,
16-Feb-17,
17-Feb-17,
18-Feb-17,
19-Feb-17,
20-Feb-17,
21-Feb-17,
22-Feb-17,
23-Feb-17,
24-Feb-17,
25-Feb-17,
26-Feb-17,
27-Feb-17,
28-Feb-17,
1-Mar-17,
2-Mar-17,
3-Mar-17,
4-Mar-17,
5-Mar-17,
6-Mar-17,
7-Mar-17,
8-Mar-17,
9-Mar-17,
10-Mar-17,
11-Mar-17,
12-Mar-17,
13-Mar-17,
14-Mar-17,
15-Mar-17,
16-Mar-17,
17-Mar-17,
18-Mar-17,
19-Mar-17,
20-Mar-17,
21-Mar-17,
22-Mar-17,
23-Mar-17,
24-Mar-17,
25-Mar-17,
26-Mar-17,
27-Mar-17,
28-Mar-17,
29-Mar-17,
30-Mar-17,
31-Mar-17,
1-Apr-17,
2-Apr-17,
3-Apr-17,
4-Apr-17,
5-Apr-17,
6-Apr-17,
7-Apr-17,
8-Apr-17,
9-Apr-17,
10-Apr-17,
11-Apr-17,
12-Apr-17,
13-Apr-17,
14-Apr-17,
15-Apr-17,
16-Apr-17,
17-Apr-17,
18-Apr-17,
19-Apr-17,
20-Apr-17,
21-Apr-17,
22-Apr-17,
23-Apr-17,
24-Apr-17,
25-Apr-17,
26-Apr-17,
27-Apr-17,
28-Apr-17,
29-Apr-17,
30-Apr-17,
1-May-17,
2-May-17,
3-May-17,
4-May-17,
5-May-17,
6-May-17,
7-May-17,
8-May-17,
9-May-17,
10-May-17,
11-May-17,
12-May-17,
13-May-17,
14-May-17,
15-May-17,
16-May-17,
17-May-17,
18-May-17,
19-May-17,
20-May-17,
21-May-17,
22-May-17,
23-May-17,
24-May-17,
25-May-17,
26-May-17,
27-May-17,
28-May-17,
29-May-17,
30-May-17,
31-May-17,
1-Jun-17,
2-Jun-17,
3-Jun-17,
4-Jun-17,
5-Jun-17,
6-Jun-17,
7-Jun-17,
8-Jun-17,
9-Jun-17,
10-Jun-17,
11-Jun-17,
12-Jun-17,
13-Jun-17,
14-Jun-17,
15-Jun-17,
16-Jun-17,
17-Jun-17,
18-Jun-17,
19-Jun-17,
20-Jun-17,
21-Jun-17,
22-Jun-17,
23-Jun-17,
24-Jun-17,
25-Jun-17,
26-Jun-17,
27-Jun-17,
28-Jun-17,
29-Jun-17,
30-Jun-17,
1-Jul-17,
2-Jul-17,
3-Jul-17,
4-Jul-17,
5-Jul-17,
6-Jul-17,
7-Jul-17,
8-Jul-17,
9-Jul-17,
10-Jul-17,
11-Jul-17,
12-Jul-17,
13-Jul-17,
14-Jul-17,
15-Jul-17,
16-Jul-17,
17-Jul-17,
18-Jul-17,
19-Jul-17,
20-Jul-17,
21-Jul-17,
22-Jul-17,
23-Jul-17,
24-Jul-17,
25-Jul-17,
26-Jul-17,
27-Jul-17,
28-Jul-17,
29-Jul-17,
30-Jul-17,
31-Jul-17,
1-Aug-17,
2-Aug-17,
3-Aug-17,
4-Aug-17,
5-Aug-17,
6-Aug-17,
7-Aug-17,
8-Aug-17,
9-Aug-17,
10-Aug-17,
11-Aug-17,
12-Aug-17,
13-Aug-17,
14-Aug-17,
15-Aug-17,
16-Aug-17,
17-Aug-17,
18-Aug-17,
19-Aug-17,
20-Aug-17,
21-Aug-17,
22-Aug-17,
23-Aug-17,
24-Aug-17,
25-Aug-17,
26-Aug-17,
27-Aug-17,
28-Aug-17,
29-Aug-17,
30-Aug-17,
31-Aug-17,
1-Sep-17,
2-Sep-17,
3-Sep-17,
4-Sep-17,
5-Sep-17,
6-Sep-17,
7-Sep-17,
8-Sep-17,
9-Sep-17,
10-Sep-17,
11-Sep-17,
12-Sep-17,
13-Sep-17,
14-Sep-17,
15-Sep-17,
16-Sep-17,
17-Sep-17,
18-Sep-17,
19-Sep-17,
20-Sep-17,
21-Sep-17,
22-Sep-17,
23-Sep-17,
24-Sep-17,
25-Sep-17,
26-Sep-17,
27-Sep-17,
28-Sep-17,
29-Sep-17,
30-Sep-17,
1-Oct-17,
2-Oct-17,
3-Oct-17,
4-Oct-17,
5-Oct-17,
6-Oct-17,
7-Oct-17,
8-Oct-17,
9-Oct-17,
10-Oct-17,
11-Oct-17,
12-Oct-17,
13-Oct-17,
14-Oct-17,
15-Oct-17,
16-Oct-17,
17-Oct-17,
18-Oct-17,
19-Oct-17,
20-Oct-17,
21-Oct-17,
22-Oct-17,
23-Oct-17,
24-Oct-17,
25-Oct-17,
26-Oct-17,
27-Oct-17,
28-Oct-17,
29-Oct-17,
30-Oct-17,
31-Oct-17,
1-Nov-17,
2-Nov-17,
3-Nov-17,
4-Nov-17,
5-Nov-17,
6-Nov-17,
7-Nov-17,
8-Nov-17,
9-Nov-17,
10-Nov-17,
11-Nov-17,
12-Nov-17,
13-Nov-17,
14-Nov-17,
15-Nov-17,
16-Nov-17,
17-Nov-17,
18-Nov-17,
19-Nov-17,
20-Nov-17,
21-Nov-17,
22-Nov-17,
23-Nov-17,
24-Nov-17,
25-Nov-17,
26-Nov-17,
27-Nov-17,
28-Nov-17,
29-Nov-17,
30-Nov-17,
1-Dec-17,
2-Dec-17,
3-Dec-17,
4-Dec-17,
5-Dec-17,
6-Dec-17,
7-Dec-17,
8-Dec-17,
9-Dec-17,
10-Dec-17,
11-Dec-17,
12-Dec-17,
13-Dec-17,
14-Dec-17,
15-Dec-17,
16-Dec-17,
17-Dec-17,
18-Dec-17,
19-Dec-17,
20-Dec-17,
21-Dec-17,
22-Dec-17,
23-Dec-17,
24-Dec-17,
25-Dec-17,
26-Dec-17,
27-Dec-17,
28-Dec-17,
29-Dec-17,
30-Dec-17,
31-Dec-17,0
1-Jan-18,166
2-Jan-18,288
3-Jan-18,411
4-Jan-18,534
5-Jan-18,753
6-Jan-18,972
7-Jan-18,1090
8-Jan-18,1159
9-Jan-18,1192
10-Jan-18,1239
11-Jan-18,1288
12-Jan-18,1911
13-Jan-18,2050
14-Jan-18,2345
15-Jan-18,2673
16-Jan-18,2829
17-Jan-18,2844
18-Jan-18,2926
19-Jan-18,2982
20-Jan-18,3034
21-Jan-18,3108
22-Jan-18,3182
23-Jan-18,3221
24-Jan-18,3263
25-Jan-18,3320
26-Jan-18,3360
27-Jan-18,3398
28-Jan-18,3449
29-Jan-18,3501
30-Jan-18,3553
31-Jan-18,3605
1-Feb-18,3706
2-Feb-18,3820
3-Feb-18,3945
4-Feb-18,3956
5-Feb-18,4017
6-Feb-18,4049
7-Feb-18,4081
8-Feb-18,4114
9-Feb-18,4145
10-Feb-18,4174
11-Feb-18,4221
12-Feb-18,4271
13-Feb-18,4307
14-Feb-18,4549
15-Feb-18,4700
16-Feb-18,4902
17-Feb-18,4978
18-Feb-18,5040
19-Feb-18,5085
20-Feb-18,5149
21-Feb-18,5192
22-Feb-18,5235
23-Feb-18,5281
24-Feb-18,5356
25-Feb-18,5405
26-Feb-18,5423
27-Feb-18,5457
28-Feb-18,5477
1-Mar-18,5505
2-Mar-18,5527
3-Mar-18,5572
4-Mar-18,5626
5-Mar-18,5665
6-Mar-18,5707
7-Mar-18,5734
8-Mar-18,5762
9-Mar-18,5797
10-Mar-18,5813
11-Mar-18,5863
12-Mar-18,5877
13-Mar-18,5892
14-Mar-18,5920
15-Mar-18,5948
16-Mar-18,5982
17-Mar-18,6043
18-Mar-18,6072
19-Mar-18,6085
20-Mar-18,6102
21-Mar-18,6120
22-Mar-18,6141
23-Mar-18,6159
24-Mar-18,6182
25-Mar-18,6195
26-Mar-18,6211
27-Mar-18,6216
28-Mar-18,6233
29-Mar-18,6247
30-Mar-18,6265
31-Mar-18,6276
1-Apr-18,6293
2-Apr-18,6314
3-Apr-18,6341
4-Apr-18,6375
5-Apr-18,6397
6-Apr-18,6412
7-Apr-18,6429
8-Apr-18,6436
9-Apr-18,6465
10-Apr-18,6482
11-Apr-18,6493
12-Apr-18,6497
13-Apr-18,6505
14-Apr-18,6524
15-Apr-18,6526
16-Apr-18,6543
17-Apr-18,6560
18-Apr-18,6586
19-Apr-18,6603
20-Apr-18,6612
21-Apr-18,6629
22-Apr-18,6627
23-Apr-18,6637
24-Apr-18,6645
25-Apr-18,6650
26-Apr-18,6658
27-Apr-18,6668
28-Apr-18,6683
29-Apr-18,6709
30-Apr-18,6726
1-May-18,6749
2-May-18,6758
3-May-18,6775
4-May-18,6792
5-May-18,6811
6-May-18,6826
7-May-18,6857
8-May-18,6879
9-May-18,6897
10-May-18,6915
11-May-18,6945
12-May-18,6964
13-May-18,6998
14-May-18,7001
15-May-18,7018
16-May-18,7029
17-May-18,7034
18-May-18,7047
19-May-18,7057
20-May-18,7066
21-May-18,7080
22-May-18,7090
23-May-18,7091
24-May-18,7106
25-May-18,7119
26-May-18,7124
27-May-18,7136
28-May-18,7146
29-May-18,7162
30-May-18,7166
31-May-18,7182
1-Jun-18,7201
2-Jun-18,7218
3-Jun-18,7215
4-Jun-18,7220
5-Jun-18,7218
6-Jun-18,7228
7-Jun-18,7235
8-Jun-18,7237
9-Jun-18,7238
10-Jun-18,7254
11-Jun-18,7272
12-Jun-18,7284
13-Jun-18,7294
14-Jun-18,7304
15-Jun-18,7326
16-Jun-18,7342
17-Jun-18,7356
18-Jun-18,7381
19-Jun-18,7382
20-Jun-18,7397
21-Jun-18,7405
22-Jun-18,7417
23-Jun-18,7435
24-Jun-18,7439
25-Jun-18,7446
26-Jun-18,7455
27-Jun-18,7460
28-Jun-18,7468
29-Jun-18,7474
30-Jun-18,7484
1-Jul-18,7488
2-Jul-18,7506
3-Jul-18,7517
4-Jul-18,7528
5-Jul-18,10575
6-Jul-18,11312
7-Jul-18,11797
8-Jul-18,11821
9-Jul-18,12036
10-Jul-18,12118
11-Jul-18,12220
12-Jul-18,12295
13-Jul-18,12419
14-Jul-18,12482
15-Jul-18,12533
16-Jul-18,12589
17-Jul-18,12623
18-Jul-18,12649
19-Jul-18,12684
20-Jul-18,12693
21-Jul-18,12716
22-Jul-18,12739
23-Jul-18,12762
24-Jul-18,12773
25-Jul-18,12786
26-Jul-18,12790
27-Jul-18,12798
28-Jul-18,12803
29-Jul-18,12808
30-Jul-18,12820
31-Jul-18,12824
1-Aug-18,12833
2-Aug-18,12841
3-Aug-18,12847
4-Aug-18,12854
5-Aug-18,12872
6-Aug-18,12880
7-Aug-18,12888
8-Aug-18,
9-Aug-18,12901
10-Aug-18,12918
11-Aug-18,12917
12-Aug-18,12920
13-Aug-18,12935
14-Aug-18,12939
15-Aug-18,12951
16-Aug-18,12953
17-Aug-18,12955
18-Aug-18,12961
19-Aug-18,12969
20-Aug-18,
21-Aug-18,15236
22-Aug-18,16511
23-Aug-18,17307
24-Aug-18,18382
25-Aug-18,19232
26-Aug-18,19872
27-Aug-18,20260
28-Aug-18,20662
29-Aug-18,20700
30-Aug-18,20891
31-Aug-18,21083
1-Sep-18,21280
2-Sep-18,21338
3-Sep-18,21397
4-Sep-18,21465
5-Sep-18,21534
6-Sep-18,21568
7-Sep-18,21596
8-Sep-18,21627
9-Sep-18,21694
10-Sep-18,21707
11-Sep-18,21779
12-Sep-18,21801
13-Sep-18,21837
14-Sep-18,21866
15-Sep-18,21894
16-Sep-18,21910
17-Sep-18,21934
18-Sep-18,21964
19-Sep-18,21976
20-Sep-18,21981
21-Sep-18,
22-Sep-18,21982
23-Sep-18,21997
24-Sep-18,22011
25-Sep-18,22015
26-Sep-18,22022
27-Sep-18,
28-Sep-18,22024
29-Sep-18,22039
30-Sep-18,22052
1-Oct-18,22050
2-Oct-18,22046
3-Oct-18,22045
4-Oct-18,22062
5-Oct-18,22068
6-Oct-18,22076
7-Oct-18,22083
8-Oct-18,22092
9-Oct-18,22114
10-Oct-18,22121
11-Oct-18,22129
12-Oct-18,22134
13-Oct-18,22139
14-Oct-18,22155
15-Oct-18,22170
16-Oct-18,22185
17-Oct-18,22203
18-Oct-18,22221
19-Oct-18,22229
20-Oct-18,22236
21-Oct-18,22263
22-Oct-18,22272
23-Oct-18,22282
24-Oct-18,22292
25-Oct-18,22291
26-Oct-18,22296
27-Oct-18,22302
28-Oct-18,22343
29-Oct-18,22350
30-Oct-18,22354
31-Oct-18,22358
1-Nov-18,22381
2-Nov-18,22406
3-Nov-18,22412
4-Nov-18,22419
5-Nov-18,22422
6-Nov-18,22425
7-Nov-18,22433
8-Nov-18,22434
9-Nov-18,22424
10-Nov-18,22425
11-Nov-18,22427
12-Nov-18,22433
13-Nov-18,22482
14-Nov-18,22503
15-Nov-18,22514
16-Nov-18,22532
17-Nov-18,22534
18-Nov-18,22539
19-Nov-18,22551
20-Nov-18,22562
21-Nov-18,22574
22-Nov-18,22572
23-Nov-18,22582
24-Nov-18,22605
25-Nov-18,22615
26-Nov-18,22638
27-Nov-18,22642
28-Nov-18,22653
29-Nov-18,22649
30-Nov-18,22650
1-Dec-18,22651
2-Dec-18,
3-Dec-18,22653
4-Dec-18,22664
5-Dec-18,22668
6-Dec-18,22673
7-Dec-18,
8-Dec-18,22731
9-Dec-18,22846
10-Dec-18,22888
11-Dec-18,22896
12-Dec-18,22910
13-Dec-18,22949
14-Dec-18,22941
15-Dec-18,22957
16-Dec-18,22984
17-Dec-18,23021
18-Dec-18,23051
19-Dec-18,23094
20-Dec-18,23122
21-Dec-18,23164
22-Dec-18,23194
23-Dec-18,23267
24-Dec-18,23309
25-Dec-18,23323
26-Dec-18,23344
27-Dec-18,23362
28-Dec-18,23388
29-Dec-18,23400
30-Dec-18,23426
31-Dec-18,23461
1-Jan-19,23482
2-Jan-19,23511
3-Jan-19,23542
4-Jan-19,23575
5-Jan-19,23577
6-Jan-19,23616
7-Jan-19,23649
8-Jan-19,23675
9-Jan-19,23709
10-Jan-19,23763
11-Jan-19,23790
12-Jan-19,23806
13-Jan-19,23819
14-Jan-19,23828
15-Jan-19,23835
16-Jan-19,23844
17-Jan-19,23853
18-Jan-19,23855
19-Jan-19,23862
20-Jan-19,23870
21-Jan-19,23882
22-Jan-19,23895
23-Jan-19,23901
24-Jan-19,23909
25-Jan-19,23916
26-Jan-19,25217
27-Jan-19,25778
28-Jan-19,26078
29-Jan-19,26228
30-Jan-19,26334
31-Jan-19,26419
1-Feb-19,26443
2-Feb-19,26477
3-Feb-19,26511
4-Feb-19,26535
5-Feb-19,26544
6-Feb-19,26581
7-Feb-19,26607
8-Feb-19,26621
9-Feb-19,26635
10-Feb-19,26655
11-Feb-19,26671
12-Feb-19,26680
13-Feb-19,26696
14-Feb-19,26701
15-Feb-19,26709
16-Feb-19,26718
17-Feb-19,26727
18-Feb-19,26741
19-Feb-19,26767
20-Feb-19,26794
21-Feb-19,26800
22-Feb-19,26805
23-Feb-19,26818
24-Feb-19,26813
25-Feb-19,26820
26-Feb-19,26817
27-Feb-19,26821
28-Feb-19,26825
1-Mar-19,26826
2-Mar-19,26831
3-Mar-19,26834
4-Mar-19,26840
5-Mar-19,26874
6-Mar-19,26891
7-Mar-19,26899
8-Mar-19,26907
9-Mar-19,26919
10-Mar-19,26924
11-Mar-19,26935
12-Mar-19,26944
13-Mar-19,26953
14-Mar-19,26963
15-Mar-19,26970
16-Mar-19,26978
17-Mar-19,26992
18-Mar-19,27007
19-Mar-19,27033
20-Mar-19,27044
21-Mar-19,27060
22-Mar-19,27074
23-Mar-19,27088
24-Mar-19,27102
25-Mar-19,27116
26-Mar-19,27129
27-Mar-19,27147
28-Mar-19,27160
29-Mar-19,27162
30-Mar-19,27182
31-Mar-19,27200
1-Apr-19,27210
2-Apr-19,27211
3-Apr-19,27220
4-Apr-19,27230
5-Apr-19,27243
6-Apr-19,27269
7-Apr-19,27303
8-Apr-19,27343
9-Apr-19,27356
10-Apr-19,27368
11-Apr-19,27403
12-Apr-19,27419
13-Apr-19,27438
14-Apr-19,27447
15-Apr-19,27493
16-Apr-19,27510
17-Apr-19,27539
18-Apr-19,27555
19-Apr-19,27572
20-Apr-19,27589
21-Apr-19,27605
22-Apr-19,27622
23-Apr-19,27639
24-Apr-19,27655
25-Apr-19,27664
26-Apr-19,27661
27-Apr-19,27658
28-Apr-19,27663
29-Apr-19,27672
30-Apr-19,27678
1-May-19,27680
2-May-19,27681
3-May-19,27689
4-May-19,27697
5-May-19,27712
6-May-19,27736
7-May-19,27748
8-May-19,27752
9-May-19,27757
10-May-19,27768
11-May-19,27778
12-May-19,27798
13-May-19,27812
14-May-19,27825
15-May-19,27855
16-May-19,27865
17-May-19,27876
18-May-19,27904
19-May-19,27927
20-May-19,27956
21-May-19,27982
22-May-19,28000
23-May-19,28028
24-May-19,28047
25-May-19,28063
26-May-19,28076
27-May-19,28094
28-May-19,28098
29-May-19,28120
30-May-19,28132
31-May-19,28160
1-Jun-19,28167
2-Jun-19,28179
3-Jun-19,28197
4-Jun-19,28216
5-Jun-19,28232
6-Jun-19,28286
7-Jun-19,28350
8-Jun-19,28376
9-Jun-19,28401
10-Jun-19,28435
11-Jun-19,28452
12-Jun-19,28487
13-Jun-19,28515
14-Jun-19,28539
15-Jun-19,28574
16-Jun-19,28645
17-Jun-19,28699
18-Jun-19,28732
19-Jun-19,28791
20-Jun-19,28870
21-Jun-19,28946
22-Jun-19,29062
23-Jun-19,29216
24-Jun-19,29371
25-Jun-19,29778
26-Jun-19,29924
27-Jun-19,30063
28-Jun-19,30268
29-Jun-19,30380
30-Jun-19,30739
1-Jul-19,31001
2-Jul-19,31292
3-Jul-19,31599
4-Jul-19,31859
5-Jul-19,32048
6-Jul-19,32349
7-Jul-19,32620
8-Jul-19,33172
9-Jul-19,33745
10-Jul-19,34139
11-Jul-19,34651
12-Jul-19,34930
13-Jul-19,35279
14-Jul-19,35557
15-Jul-19,35960
16-Jul-19,36562
17-Jul-19,37173
18-Jul-19,37888
19-Jul-19,38788
20-Jul-19,39568
21-Jul-19,40184
22-Jul-19,40884
23-Jul-19,41658
24-Jul-19,42218
25-Jul-19,42670
26-Jul-19,43096
27-Jul-19,43414
28-Jul-19,43933
29-Jul-19,44370
30-Jul-19,44786
31-Jul-19,45152
1-Aug-19,45487
2-Aug-19,45728
3-Aug-19,45923
4-Aug-19,46155
5-Aug-19,46513
6-Aug-19,47033
7-Aug-19,47368
8-Aug-19,47683
9-Aug-19,48066
10-Aug-19,48592
11-Aug-19,48964
12-Aug-19,49527
13-Aug-19,50125
14-Aug-19,50521
15-Aug-19,50799
16-Aug-19,51096
17-Aug-19,51331
18-Aug-19,51586
19-Aug-19,52285
20-Aug-19,52696
21-Aug-19,52987
22-Aug-19,53216
23-Aug-19,53389
24-Aug-19,53784
25-Aug-19,54162
26-Aug-19,54445
27-Aug-19,54726
28-Aug-19,54974
29-Aug-19,55175
30-Aug-19,55416
31-Aug-19,55691
1-Sep-19,55965
2-Sep-19,56187
3-Sep-19,56479
4-Sep-19,56752
5-Sep-19,56906
6-Sep-19,57797
7-Sep-19,58962
8-Sep-19,59620
9-Sep-19,66920
10-Sep-19,69938
11-Sep-19,70925
12-Sep-19,71807
13-Sep-19,72305
14-Sep-19,72680
15-Sep-19,73719
16-Sep-19,74309
17-Sep-19,74555
18-Sep-19,74899
19-Sep-19,75099
20-Sep-19,75200
21-Sep-19,75400
22-Sep-19,75600
23-Sep-19,75800
24-Sep-19,76000
25-Sep-19,76300
26-Sep-19,76500
27-Sep-19,76700
28-Sep-19,76900
29-Sep-19,77700
30-Sep-19,78000
1-Oct-19,78100
2-Oct-19,78200
3-Oct-19,78400
4-Oct-19,78500
5-Oct-19,78699
6-Oct-19,78800
7-Oct-19,78960
8-Oct-19,79120
9-Oct-19,79280
10-Oct-19,79440
11-Oct-19,79599
12-Oct-19,79760
13-Oct-19,79920
14-Oct-19,80080
15-Oct-19,80240
16-Oct-19,80400
17-Oct-19,80471
18-Oct-19,80542
19-Oct-19,80614
20-Oct-19,80685
21-Oct-19,80757
22-Oct-19,80828
23-Oct-19,80900
24-Oct-19,80971
25-Oct-19,81042
26-Oct-19,81113
27-Oct-19,81185
28-Oct-19,81257
29-Oct-19,81328
30-Oct-19,81400
31-Oct-19,81480
1-Nov-19,81561
2-Nov-19,81642
3-Nov-19,81723
4-Nov-19,81804
5-Nov-19,81885
6-Nov-19,81966
7-Nov-19,82047
8-Nov-19,82128
9-Nov-19,82209
10-Nov-19,82290
11-Nov-19,82371
12-Nov-19,82452
13-Nov-19,82533
14-Nov-19,82614
15-Nov-19,82694
16-Nov-19,82776
17-Nov-19,82857
18-Nov-19,82938
19-Nov-19,83018
20-Nov-19,83100
21-Nov-19,83252
22-Nov-19,83404
23-Nov-19,83557
24-Nov-19,83709
25-Nov-19,83861
26-Nov-19,84014
27-Nov-19,84166
28-Nov-19,84318
29-Nov-19,84471
30-Nov-19,84623
1-Dec-19,84700
2-Dec-19,84900
3-Dec-19,85000
4-Dec-19,85100
5-Dec-19,85300
6-Dec-19,85400
7-Dec-19,85500
8-Dec-19,85700
9-Dec-19,85800
10-Dec-19,85900
11-Dec-19,86100
12-Dec-19,86200
13-Dec-19,86300
14-Dec-19,86500
15-Dec-19,86600
16-Dec-19,86700
17-Dec-19,86900
18-Dec-19,87000
19-Dec-19,87200
20-Dec-19,
21-Dec-19,87300
22-Dec-19,87400
23-Dec-19,87500
24-Dec-19,87600
25-Dec-19,87700
26-Dec-19,87800
27-Dec-19,87900
28-Dec-19,88000
29-Dec-19,88200
30-Dec-19,88300
31-Dec-19,88400
1-Jan-20,88600
2-Jan-20,88700
3-Jan-20,88800
4-Jan-20,88900
5-Jan-20,89000
6-Jan-20,89100
7-Jan-20,89200
8-Jan-20,89300
9-Jan-20,
10-Jan-20,89400
11-Jan-20,
12-Jan-20,89500
13-Jan-20,
14-Jan-20,89600
15-Jan-20,89700
16-Jan-20,
17-Jan-20,89800
18-Jan-20,
19-Jan-20,89900
20-Jan-20,
21-Jan-20,90000
22-Jan-20,90100
23-Jan-20,
24-Jan-20,
25-Jan-20,90200
26-Jan-20,
27-Jan-20,90300
28-Jan-20,
29-Jan-20,90400
30-Jan-20,
31-Jan-20,90500
1-Feb-20,90600
2-Feb-20,90700
3-Feb-20,90800
4-Feb-20,90900
5-Feb-20,91000
6-Feb-20,91100
7-Feb-20,91200
8-Feb-20,91300
9-Feb-20,91400
10-Feb-20,91500
11-Feb-20,91600
12-Feb-20,91700
13-Feb-20,91800
14-Feb-20,
15-Feb-20,91900
16-Feb-20,92000
17-Feb-20,92100
18-Feb-20,92200
19-Feb-20,92300
20-Feb-20,92400
21-Feb-20,92500
22-Feb-20,92600
23-Feb-20,92700
24-Feb-20,92800
25-Feb-20,92900
26-Feb-20,93000
27-Feb-20,93100
28-Feb-20,93200
29-Feb-20,93300
1-Mar-20,93400
2-Mar-20,
3-Mar-20,
4-Mar-20,93500
5-Mar-20,
6-Mar-20,93600
7-Mar-20,93700
8-Mar-20,93900
9-Mar-20,94100
10-Mar-20,94300
11-Mar-20,94600
12-Mar-20,94800
13-Mar-20,95000
14-Mar-20,95300
15-Mar-20,95500
16-Mar-20,95700
17-Mar-20,95900
18-Mar-20,96200
19-Mar-20,96400
20-Mar-20,96600
21-Mar-20,96900
22-Mar-20,97100
23-Mar-20,97300
24-Mar-20,97500
25-Mar-20,97800
26-Mar-20,98000
27-Mar-20,98200
28-Mar-20,98500
29-Mar-20,98700
30-Mar-20,98900
31-Mar-20,99200
1-Apr-20,99400
2-Apr-20,99600
3-Apr-20,99800
4-Apr-20,100000
5-Apr-20,
6-Apr-20,
7-Apr-20,
8-Apr-20,101000
9-Apr-20,
10-Apr-20,
11-Apr-20,
12-Apr-20,
13-Apr-20,102000
14-Apr-20,
15-Apr-20,
16-Apr-20,
17-Apr-20,103000
18-Apr-20,
19-Apr-20,
20-Apr-20,
21-Apr-20,104000
22-Apr-20,
23-Apr-20,
24-Apr-20,
25-Apr-20,
26-Apr-20,105000
27-Apr-20,
28-Apr-20,
29-Apr-20,
30-Apr-20,106000
1-May-20,107000
2-May-20,
3-May-20,
4-May-20,
5-May-20,
6-May-20,
7-May-20,108000
8-May-20,
9-May-20,109000
10-May-20,
11-May-20,110000
12-May-20,
13-May-20,
14-May-20,111000
15-May-20,
16-May-20,112000
17-May-20,
18-May-20,113000
19-May-20,
20-May-20,114000
21-May-20,
22-May-20,
23-May-20,
24-May-20,115000
25-May-20,
26-May-20,
27-May-20,
28-May-20,116000
29-May-20,
30-May-20,
31-May-20,
1-Jun-20,117000
2-Jun-20,
3-Jun-20,
4-Jun-20,
5-Jun-20,118000
6-Jun-20,
7-Jun-20,
8-Jun-20,
9-Jun-20,119000
10-Jun-20,
11-Jun-20,
12-Jun-20,120000
13-Jun-20,
14-Jun-20,
15-Jun-20,
16-Jun-20,121000
17-Jun-20,
18-Jun-20,
19-Jun-20,122000
20-Jun-20,
21-Jun-20,
22-Jun-20,
23-Jun-20,123000
24-Jun-20,
25-Jun-20,
26-Jun-20,124000
27-Jun-20,
28-Jun-20,
29-Jun-20,125000
30-Jun-20,
1-Jul-20,
2-Jul-20,124000
3-Jul-20,126000
4-Jul-20,
5-Jul-20,
6-Jul-20,127000
7-Jul-20,
8-Jul-20,
9-Jul-20,
10-Jul-20,128000
11-Jul-20,
12-Jul-20,
13-Jul-20,129000
14-Jul-20,
15-Jul-20,
16-Jul-20,130000
17-Jul-20,
18-Jul-20,131000
19-Jul-20,
20-Jul-20,132000
21-Jul-20,
22-Jul-20,133000
23-Jul-20,
24-Jul-20,134000
25-Jul-20,
26-Jul-20,135000
27-Jul-20,
28-Jul-20,136000
29-Jul-20,
30-Jul-20,137000
31-Jul-20,
1-Aug-20,138000
2-Aug-20,
3-Aug-20,139000
4-Aug-20,
5-Aug-20,140000
6-Aug-20,
7-Aug-20,141000
8-Aug-20,
9-Aug-20,142000
10-Aug-20,
11-Aug-20,143000
12-Aug-20,
13-Aug-20,144000
14-Aug-20,
15-Aug-20,145000
16-Aug-20,
17-Aug-20,146000
18-Aug-20,147000
19-Aug-20,
20-Aug-20,
21-Aug-20,148000
22-Aug-20,
23-Aug-20,
24-Aug-20,149000
25-Aug-20,
26-Aug-20,
27-Aug-20,150000
28-Aug-20,
29-Aug-20,151000
30-Aug-20,152000
31-Aug-20,153000
1-Sep-20,154000
2-Sep-20,155000
3-Sep-20,156000
4-Sep-20,
5-Sep-20,157000
6-Sep-20,
7-Sep-20,
8-Sep-20,158000
9-Sep-20,
10-Sep-20,
11-Sep-20,159000
12-Sep-20,
13-Sep-20,160000
14-Sep-20,
15-Sep-20,
16-Sep-20,161000
17-Sep-20,
18-Sep-20,
19-Sep-20,162000
20-Sep-20,
21-Sep-20,163000
22-Sep-20,
23-Sep-20,164000
24-Sep-20,
25-Sep-20,165000
26-Sep-20,166000
27-Sep-20,
28-Sep-20,167000
29-Sep-20,168000
30-Sep-20,
1-Oct-20,169000
2-Oct-20,170000
3-Oct-20,
4-Oct-20,171000
5-Oct-20,
6-Oct-20,172000
7-Oct-20,
8-Oct-20,173000
9-Oct-20,
10-Oct-20,174000
11-Oct-20,
12-Oct-20,175000
13-Oct-20,176000
14-Oct-20,
15-Oct-20,177000
16-Oct-20,178000
17-Oct-20,
18-Oct-20,179000
19-Oct-20,180000
20-Oct-20,181000
21-Oct-20,
22-Oct-20,182000
23-Oct-20,183000
24-Oct-20,184000
25-Oct-20,234000
26-Oct-20,284000
27-Oct-20,334000
28-Oct-20,356000
29-Oct-20,364000
30-Oct-20,367000
31-Oct-20,373000
1-Nov-20,377000
2-Nov-20,382000
3-Nov-20,383000
4-Nov-20,385000
5-Nov-20,387000
6-Nov-20,391000
7-Nov-20,392000
8-Nov-20,394000
9-Nov-20,396000
10-Nov-20,397000
11-Nov-20,
12-Nov-20,399000
13-Nov-20,401000
14-Nov-20,411000
15-Nov-20,422000
16-Nov-20,424000
17-Nov-20,427000
18-Nov-20,430000
19-Nov-20,432000
20-Nov-20,433000
21-Nov-20,435000
22-Nov-20,437000
23-Nov-20,438000
24-Nov-20,439000
25-Nov-20,440000
26-Nov-20,442000
27-Nov-20,443000
28-Nov-20,444000
29-Nov-20,445000
30-Nov-20,446000
1-Dec-20,447000
2-Dec-20,449000
3-Dec-20,452000
4-Dec-20,453000
5-Dec-20,456000
6-Dec-20,476000
7-Dec-20,528000
8-Dec-20,566000
9-Dec-20,583000
10-Dec-20,593000
11-Dec-20,598000
12-Dec-20,603000
13-Dec-20,608000
14-Dec-20,611000
15-Dec-20,613000
16-Dec-20,618000
17-Dec-20,621000
18-Dec-20,624000
19-Dec-20,628000
20-Dec-20,633000
21-Dec-20,636000
22-Dec-20,639000
23-Dec-20,642000
24-Dec-20,645000
25-Dec-20,647000
26-Dec-20,649000
27-Dec-20,652000
28-Dec-20,654000
29-Dec-20,658000
30-Dec-20,662000
31-Dec-20,666000
1-Jan-21,669000
2-Jan-21,672000
3-Jan-21,674000
4-Jan-21,677000
5-Jan-21,680000
6-Jan-21,684000
7-Jan-21,688000
8-Jan-21,691000
9-Jan-21,694000
10-Jan-21,696000
11-Jan-21,699000
12-Jan-21,701000
13-Jan-21,702000
14-Jan-21,705000
15-Jan-21,706000
16-Jan-21,707000
17-Jan-21,710000
18-Jan-21,711000
19-Jan-21,713000
20-Jan-21,714000
21-Jan-21,717000
22-Jan-21,719000
23-Jan-21,722000
24-Jan-21,726000
25-Jan-21,729000
26-Jan-21,733000
27-Jan-21,736000
28-Jan-21,740000
29-Jan-21,744000
30-Jan-21,764000
31-Jan-21,769000
1-Feb-21,774000
2-Feb-21,779000
3-Feb-21,783000
4-Feb-21,786000
5-Feb-21,802000
6-Feb-21,804000
7-Feb-21,806000
8-Feb-21,810000
9-Feb-21,811000
10-Feb-21,813000
11-Feb-21,816000
12-Feb-21,819000
13-Feb-21,821000
14-Feb-21,833000
15-Feb-21,837000
16-Feb-21,839000
17-Feb-21,842000
18-Feb-21,843000
19-Feb-21,844000
20-Feb-21,847000
21-Feb-21,848000
22-Feb-21,849000
23-Feb-21,850000
24-Feb-21,852000
25-Feb-21,
26-Feb-21,853000
27-Feb-21,854000
28-Feb-21,855000
1-Mar-21,858000
2-Mar-21,859000
3-Mar-21,860000
4-Mar-21,863000
5-Mar-21,868000
6-Mar-21,870000
7-Mar-21,871000
8-Mar-21,873000
9-Mar-21,876000
10-Mar-21,877000
11-Mar-21,878000
12-Mar-21,880000
13-Mar-21,881000
14-Mar-21,882000
15-Mar-21,883000
16-Mar-21,885000
17-Mar-21,886000
18-Mar-21,
19-Mar-21,887000
20-Mar-21,900000
21-Mar-21,902000
22-Mar-21,903000
23-Mar-21,904000
24-Mar-21,905000
25-Mar-21,911000
26-Mar-21,913000
27-Mar-21,916000
28-Mar-21,919000
29-Mar-21,922000
30-Mar-21,924000
31-Mar-21,925000
1-Apr-21,926000
2-Apr-21,928000
3-Apr-21,929000
4-Apr-21,930000
5-Apr-21,933000
6-Apr-21,935000
7-Apr-21,938000
8-Apr-21,941000
9-Apr-21,943000
10-Apr-21,
11-Apr-21,945000
12-Apr-21,946000
13-Apr-21,948000
14-Apr-21,949000
15-Apr-21,951000
16-Apr-21,953000
17-Apr-21,954000
18-Apr-21,956000
19-Apr-21,957000
20-Apr-21,959000
21-Apr-21,961000
22-Apr-21,962000
23-Apr-21,965000
24-Apr-21,966000
25-Apr-21,968000
26-Apr-21,969000
27-Apr-21,971000
28-Apr-21,973000
29-Apr-21,975000
30-Apr-21,977000
1-May-21,979000
2-May-21,982000
3-May-21,
4-May-21,983000
5-May-21,984000
6-May-21,985000
7-May-21,986000
8-May-21,987000
9-May-21,988000
10-May-21,989000
11-May-21,990000
12-May-21,991000
13-May-21,992000
14-May-21,
15-May-21,993000
16-May-21,994000
17-May-21,
18-May-21,995000
19-May-21,996000
20-May-21,997000
21-May-21,
22-May-21,998000
23-May-21,999000
24-May-21,1000000
25-May-21,
26-May-21,
27-May-21,
28-May-21,
29-May-21,
30-May-21,1010000
31-May-21,
1-Jun-21,
2-Jun-21,
3-Jun-21,
4-Jun-21,
5-Jun-21,1020000
6-Jun-21,
7-Jun-21,
8-Jun-21,
9-Jun-21,
10-Jun-21,
11-Jun-21,
12-Jun-21,
13-Jun-21,
14-Jun-21,1030000
15-Jun-21,
16-Jun-21,
17-Jun-21,
18-Jun-21,
19-Jun-21,
20-Jun-21,
21-Jun-21,
22-Jun-21,
23-Jun-21,
24-Jun-21,
25-Jun-21,
26-Jun-21,
27-Jun-21,1040000
28-Jun-21,
29-Jun-21,
30-Jun-21,
1-Jul-21,
2-Jul-21,
3-Jul-21,
4-Jul-21,
5-Jul-21,
6-Jul-21,
7-Jul-21,
8-Jul-21,
9-Jul-21,
10-Jul-21,
11-Jul-21,
12-Jul-21,1050000
13-Jul-21,
14-Jul-21,
15-Jul-21,
16-Jul-21,
17-Jul-21,
18-Jul-21,
19-Jul-21,
20-Jul-21,
21-Jul-21,
22-Jul-21,
23-Jul-21,
24-Jul-21,
25-Jul-21,
26-Jul-21,
27-Jul-21,1060000
28-Jul-21,
29-Jul-21,
30-Jul-21,
31-Jul-21,
1-Aug-21,
2-Aug-21,
3-Aug-21,
4-Aug-21,
5-Aug-21,
6-Aug-21,
7-Aug-21,
8-Aug-21,
9-Aug-21,
10-Aug-21,1070000
11-Aug-21,
12-Aug-21,
13-Aug-21,
14-Aug-21,
15-Aug-21,
16-Aug-21,
17-Aug-21,
18-Aug-21,
19-Aug-21,
20-Aug-21,
21-Aug-21,
22-Aug-21,
23-Aug-21,
24-Aug-21,
25-Aug-21,
26-Aug-21,
27-Aug-21,
28-Aug-21,1080000
29-Aug-21,
30-Aug-21,1090000
31-Aug-21,
1-Sep-21,
2-Sep-21,
3-Sep-21,
4-Sep-21,
5-Sep-21,
6-Sep-21,1100000
7-Sep-21,
8-Sep-21,
9-Sep-21,
10-Sep-21,
11-Sep-21,
12-Sep-21,
13-Sep-21,
14-Sep-21,
15-Sep-21,
16-Sep-21,1110000
17-Sep-21,
18-Sep-21,
19-Sep-21,
20-Sep-21,
21-Sep-21,
22-Sep-21,
23-Sep-21,
24-Sep-21,
25-Sep-21,
26-Sep-21,
27-Sep-21,
28-Sep-21,
29-Sep-21,
30-Sep-21,
1-Oct-21,1120000
2-Oct-21,
3-Oct-21,
4-Oct-21,
5-Oct-21,
6-Oct-21,
7-Oct-21,
8-Oct-21,
9-Oct-21,
10-Oct-21,
11-Oct-21,
12-Oct-21,
13-Oct-21,
14-Oct-21,
15-Oct-21,
16-Oct-21,
17-Oct-21,
18-Oct-21,
19-Oct-21,
20-Oct-21,
21-Oct-21,
22-Oct-21,
23-Oct-21,
24-Oct-21,
25-Oct-21,
26-Oct-21,
27-Oct-21,
28-Oct-21,
29-Oct-21,
30-Oct-21,
31-Oct-21,
1-Nov-21,
2-Nov-21,
3-Nov-21,
4-Nov-21,
5-Nov-21,
6-Nov-21,
7-Nov-21,
8-Nov-21,
9-Nov-21,
10-Nov-21,
11-Nov-21,
12-Nov-21,1130000
13-Nov-21,
14-Nov-21,
15-Nov-21,
16-Nov-21,
17-Nov-21,
18-Nov-21,
19-Nov-21,
20-Nov-21,
21-Nov-21,
22-Nov-21,
23-Nov-21,
24-Nov-21,
25-Nov-21,
26-Nov-21,
27-Nov-21,
28-Nov-21,
29-Nov-21,
30-Nov-21,
1-Dec-21,
2-Dec-21,
3-Dec-21,
4-Dec-21,
5-Dec-21,
6-Dec-21,1140000
7-Dec-21,
8-Dec-21,
9-Dec-21,
10-Dec-21,
11-Dec-21,
12-Dec-21,
13-Dec-21,
14-Dec-21,
15-Dec-21,
16-Dec-21,
17-Dec-21,
18-Dec-21,
19-Dec-21,
20-Dec-21,
21-Dec-21,
22-Dec-21,
23-Dec-21,
24-Dec-21,
25-Dec-21,
26-Dec-21,
27-Dec-21,
28-Dec-21,1150000
29-Dec-21,
30-Dec-21,
31-Dec-21,
1-Jan-22,
2-Jan-22,
3-Jan-22,
4-Jan-22,
5-Jan-22,
6-Jan-22,
7-Jan-22,
8-Jan-22,
9-Jan-22,
10-Jan-22,
11-Jan-22,
12-Jan-22,
13-Jan-22,
14-Jan-22,1160000
15-Jan-22,
16-Jan-22,
17-Jan-22,
18-Jan-22,
19-Jan-22,
20-Jan-22,
21-Jan-22,
22-Jan-22,
23-Jan-22,
24-Jan-22,
25-Jan-22,
26-Jan-22,
27-Jan-22,
28-Jan-22,
29-Jan-22,
30-Jan-22,
31-Jan-22,
1-Feb-22,1170000
2-Feb-22,
3-Feb-22,
4-Feb-22,
5-Feb-22,
6-Feb-22,
7-Feb-22,
8-Feb-22,
9-Feb-22,
10-Feb-22,
11-Feb-22,
12-Feb-22,
13-Feb-22,
14-Feb-22,
15-Feb-22,
16-Feb-22,
17-Feb-22,
18-Feb-22,
19-Feb-22,
20-Feb-22,
21-Feb-22,
22-Feb-22,
23-Feb-22,
24-Feb-22,
25-Feb-22,
26-Feb-22,
27-Feb-22,
28-Feb-22,
1-Mar-22,
2-Mar-22,
3-Mar-22,
4-Mar-22,
5-Mar-22,
6-Mar-22,
7-Mar-22,
8-Mar-22,
9-Mar-22,
10-Mar-22,
11-Mar-22,
12-Mar-22,
13-Mar-22,
14-Mar-22,
15-Mar-22,
16-Mar-22,
17-Mar-22,
18-Mar-22,
19-Mar-22,
20-Mar-22,
21-Mar-22,
22-Mar-22,
23-Mar-22,
24-Mar-22,
25-Mar-22,
26-Mar-22,
27-Mar-22,
28-Mar-22,
29-Mar-22,
30-Mar-22,
31-Mar-22,
1-Apr-22,
2-Apr-22,
3-Apr-22,
4-Apr-22,
5-Apr-22,
6-Apr-22,
7-Apr-22,
8-Apr-22,
9-Apr-22,
10-Apr-22,
11-Apr-22,
12-Apr-22,
13-Apr-22,
14-Apr-22,
15-Apr-22,
16-Apr-22,
17-Apr-22,
18-Apr-22,
19-Apr-22,
20-Apr-22,
21-Apr-22,
22-Apr-22,
23-Apr-22,
24-Apr-22,
25-Apr-22,
26-Apr-22,
27-Apr-22,
28-Apr-22,
29-Apr-22,
30-Apr-22,
1-May-22,
2-May-22,
3-May-22,
4-May-22,
5-May-22,
6-May-22,
7-May-22,
8-May-22,
9-May-22,
10-May-22,
11-May-22,
12-May-22,
13-May-22,
14-May-22,
15-May-22,
16-May-22,
17-May-22,
18-May-22,
19-May-22,
20-May-22,
21-May-22,
22-May-22,
23-May-22,
24-May-22,
25-May-22,
26-May-22,
27-May-22,
28-May-22,
29-May-22,
30-May-22,
31-May-22,
1-Jun-22,
2-Jun-22,
3-Jun-22,
4-Jun-22,
5-Jun-22,
6-Jun-22,
7-Jun-22,
8-Jun-22,
9-Jun-22,
10-Jun-22,
11-Jun-22,
12-Jun-22,
13-Jun-22,
14-Jun-22,
15-Jun-22,
16-Jun-22,
17-Jun-22,
18-Jun-22,
19-Jun-22,
20-Jun-22,
21-Jun-22,
22-Jun-22,
23-Jun-22,
24-Jun-22,
25-Jun-22,
26-Jun-22,
27-Jun-22,
28-Jun-22,
29-Jun-22,
30-Jun-22,
1-Jul-22,1190000
2-Jul-22,1220000
3-Jul-22,
4-Jul-22,1240000
5-Jul-22,1250000
6-Jul-22,
7-Jul-22,
8-Jul-22,1260000
9-Jul-22,
10-Jul-22,
11-Jul-22,
12-Jul-22,1270000
13-Jul-22,
14-Jul-22,
15-Jul-22,
16-Jul-22,
17-Jul-22,
18-Jul-22,1280000
19-Jul-22,
20-Jul-22,
21-Jul-22,
22-Jul-22,
23-Jul-22,
24-Jul-22,
25-Jul-22,
26-Jul-22,
27-Jul-22,
28-Jul-22,
29-Jul-22,
30-Jul-22,
31-Jul-22,
1-Aug-22,
2-Aug-22,
3-Aug-22,1290000
4-Aug-22,
5-Aug-22,
6-Aug-22,
7-Aug-22,
8-Aug-22,
9-Aug-22,
10-Aug-22,
11-Aug-22,
12-Aug-22,
13-Aug-22,
14-Aug-22,
15-Aug-22,
16-Aug-22,
17-Aug-22,
18-Aug-22,
19-Aug-22,
20-Aug-22,
21-Aug-22,
22-Aug-22,
23-Aug-22,
24-Aug-22,
25-Aug-22,
26-Aug-22,
27-Aug-22,
28-Aug-22,
29-Aug-22,
30-Aug-22,
31-Aug-22,
1-Sep-22,
2-Sep-22,
3-Sep-22,
4-Sep-22,
5-Sep-22,
6-Sep-22,
7-Sep-22,
8-Sep-22,
9-Sep-22,
10-Sep-22,
11-Sep-22,
12-Sep-22,
13-Sep-22,
14-Sep-22,
15-Sep-22,
16-Sep-22,
17-Sep-22,
18-Sep-22,
19-Sep-22,
20-Sep-22,
21-Sep-22,
22-Sep-22,
23-Sep-22,
24-Sep-22,
25-Sep-22,
26-Sep-22,
27-Sep-22,
28-Sep-22,
29-Sep-22,
30-Sep-22,
1-Oct-22,
2-Oct-22,
3-Oct-22,
4-Oct-22,
5-Oct-22,
6-Oct-22,
7-Oct-22,
8-Oct-22,
9-Oct-22,
10-Oct-22,
11-Oct-22,
12-Oct-22,
13-Oct-22,
14-Oct-22,
15-Oct-22,
16-Oct-22,
17-Oct-22,
18-Oct-22,
19-Oct-22,
20-Oct-22,
21-Oct-22,
22-Oct-22,
23-Oct-22,
24-Oct-22,
25-Oct-22,
26-Oct-22,
27-Oct-22,
28-Oct-22,
29-Oct-22,
30-Oct-22,1300000
31-Oct-22,
1-Nov-22,
2-Nov-22,
3-Nov-22,
4-Nov-22,
5-Nov-22,
6-Nov-22,
7-Nov-22,
